symbol,series,date1,prev_close,open_price,high_price,low_price,last_price,close_pric,average_pr,tottrades,turnover,numtrades,delivery,pdelivery,action,avgaction,avgdel,ddate,lottery
"ABFRL"," EQ"," 23-Mar-2022"," 288.70"," 291.95"," 291.95"," 282.85"," 287.80"," 289.55"," 287.46"," 2132897"," 6131.23"," 21007"," 716933"," 33.61",102,95,28.83,03/23/2022,T
"ABFRL"," EQ"," 22-Mar-2022"," 286.50"," 287.70"," 290.20"," 281.20"," 288.30"," 288.70"," 286.38"," 1951163"," 5587.80"," 25924"," 635035"," 32.55",75,94,28.67,03/22/2022,F
"ABFRL"," EQ"," 21-Mar-2022"," 285.25"," 287.00"," 291.60"," 283.40"," 285.95"," 286.50"," 287.89"," 1845577"," 5313.16"," 18616"," 569196"," 30.84",99,95,28.43,03/21/2022,T
"ABFRL"," EQ"," 17-Mar-2022"," 278.30"," 282.00"," 289.70"," 280.65"," 285.00"," 285.25"," 286.45"," 3121789"," 8942.23"," 34418"," 1144323"," 36.66",91,95,28.36,03/17/2022,F
"ABFRL"," EQ"," 16-Mar-2022"," 273.15"," 278.00"," 281.15"," 276.25"," 278.50"," 278.30"," 278.28"," 1368471"," 3808.21"," 13934"," 490199"," 35.82",98,95,28.41,03/16/2022,T
"ABFRL"," EQ"," 15-Mar-2022"," 276.85"," 279.70"," 279.70"," 268.80"," 273.60"," 273.15"," 274.16"," 1231973"," 3377.56"," 13973"," 285691"," 23.19",88,95,28.17,03/15/2022,F
"ABFRL"," EQ"," 14-Mar-2022"," 279.35"," 282.00"," 282.00"," 273.60"," 277.30"," 276.85"," 276.83"," 1412546"," 3910.30"," 15241"," 464349"," 32.87",93,96,27.98,03/14/2022,F
"ABFRL"," EQ"," 11-Mar-2022"," 276.00"," 277.70"," 281.95"," 268.70"," 278.00"," 279.35"," 278.25"," 1220006"," 3394.66"," 14454"," 203731"," 16.70",84,96,28.11,03/11/2022,F
"ABFRL"," EQ"," 10-Mar-2022"," 278.35"," 282.00"," 288.00"," 274.75"," 277.00"," 276.00"," 280.30"," 2191964"," 6144.02"," 26240"," 491103"," 22.40",84,95,28.44,03/10/2022,F
"ABFRL"," EQ"," 09-Mar-2022"," 266.30"," 267.90"," 279.75"," 266.55"," 277.00"," 278.35"," 275.66"," 4144465"," 11424.45"," 49681"," 1124015"," 27.12",83,95,28.38,03/09/2022,F
"ABFRL"," EQ"," 08-Mar-2022"," 261.35"," 262.70"," 270.05"," 261.95"," 266.00"," 266.30"," 266.51"," 2275142"," 6063.46"," 28496"," 873814"," 38.41",80,96,28.48,03/08/2022,F
"ABFRL"," EQ"," 04-Mar-2022"," 267.30"," 267.75"," 267.75"," 256.25"," 261.85"," 264.35"," 263.37"," 3447343"," 9079.33"," 42111"," 1545828"," 44.84",82,96,28.36,03/04/2022,F
"ABFRL"," EQ"," 03-Mar-2022"," 272.80"," 275.00"," 276.95"," 265.05"," 268.30"," 267.30"," 270.63"," 2115861"," 5726.24"," 19900"," 843619"," 39.87",106,95,27.93,03/03/2022,T
"ABFRL"," EQ"," 02-Mar-2022"," 268.40"," 266.50"," 274.90"," 265.75"," 273.00"," 272.80"," 270.01"," 2757606"," 7445.82"," 39457"," 1366895"," 49.57",70,95,27.70,03/02/2022,F
"ABFRL"," EQ"," 28-Feb-2022"," 265.20"," 263.70"," 271.95"," 260.00"," 268.50"," 268.40"," 268.18"," 3853921"," 10335.32"," 31957"," 856468"," 22.22",121,96,27.39,02/28/2022,F
"ABFRL"," EQ"," 25-Feb-2022"," 250.80"," 257.00"," 268.70"," 256.00"," 266.00"," 265.20"," 264.97"," 2094244"," 5549.22"," 20859"," 481536"," 22.99",100,95,27.70,02/25/2022,F
"ABFRL"," EQ"," 24-Feb-2022"," 269.10"," 260.50"," 267.70"," 250.00"," 250.90"," 250.80"," 255.47"," 5633430"," 14391.93"," 44307"," 2547376"," 45.22",127,95,27.98,02/24/2022,T
"ABFRL"," EQ"," 23-Feb-2022"," 263.00"," 266.95"," 271.40"," 263.50"," 269.90"," 269.10"," 268.78"," 1658245"," 4456.95"," 18279"," 504382"," 30.42",91,95,28.31,02/23/2022,F
"ABFRL"," EQ"," 22-Feb-2022"," 268.30"," 260.00"," 266.55"," 257.00"," 263.70"," 263.00"," 262.50"," 2000691"," 5251.79"," 34436"," 664253"," 33.20",58,95,28.30,02/22/2022,F
"ABFRL"," EQ"," 21-Feb-2022"," 272.35"," 270.00"," 274.20"," 266.20"," 268.35"," 268.30"," 270.23"," 1739662"," 4701.05"," 20478"," 679514"," 39.06",85,95,28.38,02/21/2022,F
"ABFRL"," EQ"," 18-Feb-2022"," 274.30"," 271.80"," 276.45"," 270.80"," 271.50"," 272.35"," 274.04"," 727808"," 1994.46"," 8003"," 180143"," 24.75",91,96,28.80,02/18/2022,F
"ABFRL"," EQ"," 17-Feb-2022"," 276.60"," 278.80"," 279.95"," 272.40"," 274.00"," 274.30"," 277.37"," 1468321"," 4072.69"," 17039"," 487483"," 33.20",86,96,28.87,02/17/2022,F
"ABFRL"," EQ"," 16-Feb-2022"," 279.05"," 281.00"," 282.60"," 273.15"," 275.10"," 276.60"," 278.77"," 3057959"," 8524.62"," 25319"," 434243"," 14.20",121,97,28.86,02/16/2022,F
"ABFRL"," EQ"," 15-Feb-2022"," 267.15"," 270.00"," 280.00"," 265.00"," 278.80"," 279.05"," 272.92"," 2777483"," 7580.37"," 26770"," 576120"," 20.74",104,96,29.28,02/15/2022,F
"ABFRL"," EQ"," 14-Feb-2022"," 287.10"," 283.60"," 283.60"," 263.30"," 266.90"," 267.15"," 272.10"," 3625251"," 9864.45"," 59128"," 1630407"," 44.97",61,98,30.03,02/14/2022,F
"ABFRL"," EQ"," 11-Feb-2022"," 295.60"," 292.00"," 293.50"," 285.00"," 285.65"," 287.10"," 289.86"," 1797849"," 5211.30"," 23308"," 714422"," 39.74",77,99,29.90,02/11/2022,F
"ABFRL"," EQ"," 10-Feb-2022"," 298.55"," 299.90"," 301.40"," 293.60"," 295.35"," 295.60"," 297.48"," 2514519"," 7480.24"," 24868"," 465815"," 18.53",101,100,29.75,02/10/2022,F
"ABFRL"," EQ"," 09-Feb-2022"," 289.10"," 292.10"," 299.50"," 289.40"," 298.50"," 298.55"," 294.09"," 2517367"," 7403.32"," 25730"," 616798"," 24.50",98,99,29.72,02/09/2022,F
"ABFRL"," EQ"," 08-Feb-2022"," 290.75"," 291.55"," 293.70"," 284.00"," 288.00"," 289.10"," 288.33"," 2167674"," 6250.15"," 23158"," 568518"," 26.23",94,100,29.79,02/08/2022,F
"ABFRL"," EQ"," 07-Feb-2022"," 295.50"," 295.00"," 305.35"," 287.55"," 290.60"," 290.75"," 296.14"," 6659707"," 19721.95"," 46011"," 2952888"," 44.34",145,100,29.62,02/07/2022,T
"ABFRL"," EQ"," 04-Feb-2022"," 304.15"," 305.40"," 306.70"," 293.50"," 294.75"," 295.50"," 300.98"," 6354420"," 19125.83"," 71994"," 1169175"," 18.40",88,99,29.24,02/04/2022,F
"ABFRL"," EQ"," 03-Feb-2022"," 307.25"," 305.80"," 310.35"," 302.75"," 304.00"," 304.15"," 305.96"," 2651856"," 8113.70"," 23591"," 1265114"," 47.71",112,99,29.42,02/03/2022,T
"ABFRL"," EQ"," 02-Feb-2022"," 305.00"," 305.00"," 310.50"," 301.00"," 304.20"," 307.25"," 306.78"," 3260355"," 10001.96"," 32436"," 1016889"," 31.19",101,99,29.12,02/02/2022,T
"ABFRL"," EQ"," 01-Feb-2022"," 293.55"," 296.80"," 308.75"," 291.30"," 305.05"," 305.00"," 300.27"," 3468373"," 10414.45"," 36428"," 612569"," 17.66",95,99,28.82,02/01/2022,F
"ABFRL"," EQ"," 31-Jan-2022"," 287.75"," 291.15"," 296.50"," 288.00"," 294.15"," 293.55"," 292.92"," 2126905"," 6230.09"," 20142"," 343690"," 16.16",106,99,28.98,01/31/2022,F
"ABFRL"," EQ"," 28-Jan-2022"," 284.30"," 288.90"," 295.50"," 285.10"," 288.00"," 287.75"," 290.79"," 3619458"," 10525.03"," 40251"," 1543060"," 42.63",90,100,29.12,01/28/2022,F
"ABFRL"," EQ"," 27-Jan-2022"," 289.45"," 284.90"," 294.50"," 279.60"," 284.00"," 284.30"," 285.16"," 5791253"," 16514.55"," 46927"," 2426817"," 41.90",123,100,29.03,01/27/2022,T
"ABFRL"," EQ"," 25-Jan-2022"," 284.55"," 281.00"," 292.15"," 273.15"," 289.95"," 289.45"," 283.83"," 4506810"," 12791.56"," 36297"," 1036702"," 23.00",124,101,29.20,01/25/2022,F
"ABFRL"," EQ"," 24-Jan-2022"," 302.90"," 301.55"," 304.70"," 282.85"," 283.00"," 284.55"," 288.47"," 4376973"," 12626.21"," 51499"," 1309959"," 29.93",85,101,29.24,01/24/2022,F
"ABFRL"," EQ"," 21-Jan-2022"," 310.40"," 307.00"," 314.25"," 299.75"," 304.30"," 302.90"," 308.33"," 3115929"," 9607.30"," 42099"," 947243"," 30.40",74,101,29.25,01/21/2022,F
"ABFRL"," EQ"," 20-Jan-2022"," 314.30"," 314.00"," 317.70"," 308.20"," 309.85"," 310.40"," 312.50"," 2108440"," 6588.95"," 28909"," 591120"," 28.04",73,101,29.08,01/20/2022,F
"ABFRL"," EQ"," 19-Jan-2022"," 310.10"," 306.35"," 315.70"," 305.90"," 313.15"," 314.30"," 312.07"," 3083401"," 9622.51"," 30421"," 649909"," 21.08",101,103,29.27,01/19/2022,F
"ABFRL"," EQ"," 18-Jan-2022"," 311.35"," 313.45"," 318.70"," 307.85"," 310.00"," 310.10"," 315.01"," 5456054"," 17186.89"," 57733"," 1113519"," 20.41",95,103,29.41,01/18/2022,F
"ABFRL"," EQ"," 17-Jan-2022"," 308.00"," 309.20"," 315.85"," 307.00"," 312.55"," 311.35"," 311.80"," 4771631"," 14877.74"," 48967"," 1424823"," 29.86",97,103,29.63,01/17/2022,F
"ABFRL"," EQ"," 14-Jan-2022"," 308.45"," 306.50"," 312.80"," 304.00"," 307.20"," 308.00"," 309.32"," 4749708"," 14691.77"," 54225"," 1353227"," 28.49",88,103,29.76,01/14/2022,F
"ABFRL"," EQ"," 13-Jan-2022"," 301.05"," 303.50"," 309.40"," 302.00"," 307.50"," 308.45"," 305.99"," 4001270"," 12243.35"," 42919"," 730062"," 18.25",93,103,29.78,01/13/2022,F
"ABFRL"," EQ"," 12-Jan-2022"," 294.25"," 295.95"," 307.85"," 294.95"," 301.25"," 301.05"," 303.47"," 8332254"," 25285.76"," 79426"," 2004215"," 24.05",105,103,29.95,01/12/2022,F
"ABFRL"," EQ"," 11-Jan-2022"," 293.10"," 293.00"," 296.20"," 290.75"," 294.00"," 294.25"," 294.04"," 1773684"," 5215.32"," 20047"," 553795"," 31.22",88,103,30.14,01/11/2022,F
"ABFRL"," EQ"," 10-Jan-2022"," 292.05"," 293.00"," 298.30"," 292.20"," 292.60"," 293.10"," 294.98"," 2869860"," 8465.43"," 28293"," 768699"," 26.79",101,104,30.10,01/10/2022,F
"ABFRL"," EQ"," 07-Jan-2022"," 293.70"," 296.85"," 297.90"," 288.75"," 291.30"," 292.05"," 294.17"," 6220061"," 18297.46"," 55317"," 752091"," 12.09",112,104,30.15,01/07/2022,F
"ABFRL"," EQ"," 06-Jan-2022"," 287.15"," 283.00"," 295.05"," 280.20"," 292.80"," 293.70"," 289.69"," 3792446"," 10986.38"," 36953"," 978816"," 25.81",103,105,30.24,01/06/2022,F
"ABFRL"," EQ"," 05-Jan-2022"," 286.35"," 286.35"," 289.30"," 281.85"," 286.00"," 287.15"," 286.57"," 3496376"," 10019.62"," 37775"," 657380"," 18.80",93,105,30.22,01/05/2022,F
"ABFRL"," EQ"," 04-Jan-2022"," 273.60"," 272.40"," 288.15"," 272.25"," 286.40"," 286.35"," 282.41"," 5230203"," 14770.54"," 48981"," 1021972"," 19.54",107,105,30.31,01/04/2022,F
"ABFRL"," EQ"," 03-Jan-2022"," 272.25"," 272.00"," 274.40"," 269.15"," 273.90"," 273.60"," 272.36"," 2755950"," 7505.99"," 26482"," 555229"," 20.15",104,106,30.33,01/03/2022,F
"ABFRL"," EQ"," 31-Dec-2021"," 261.35"," 261.80"," 273.40"," 261.40"," 272.00"," 272.25"," 268.97"," 3592084"," 9661.48"," 39868"," 1129744"," 31.45",90,106,30.52,12/31/2021,F
"ABFRL"," EQ"," 30-Dec-2021"," 265.85"," 265.70"," 267.30"," 257.15"," 261.90"," 261.35"," 260.73"," 2623592"," 6840.42"," 32697"," 912596"," 34.78",80,106,30.29,12/30/2021,F
"ABFRL"," EQ"," 29-Dec-2021"," 269.90"," 270.40"," 273.10"," 263.85"," 265.40"," 265.85"," 268.90"," 2057335"," 5532.27"," 24449"," 538987"," 26.20",84,107,30.08,12/29/2021,F
"ABFRL"," EQ"," 28-Dec-2021"," 274.05"," 275.00"," 276.55"," 268.40"," 270.30"," 269.90"," 271.19"," 1785747"," 4842.72"," 17796"," 597313"," 33.45",100,107,30.06,12/28/2021,F
"ABFRL"," EQ"," 27-Dec-2021"," 272.70"," 269.00"," 277.00"," 266.15"," 274.00"," 274.05"," 273.37"," 1531085"," 4185.55"," 18713"," 268408"," 17.53",82,107,29.89,12/27/2021,F
"ABFRL"," EQ"," 24-Dec-2021"," 278.75"," 278.75"," 280.50"," 271.20"," 272.50"," 272.70"," 274.85"," 1553696"," 4270.33"," 17693"," 241771"," 15.56",88,107,29.99,12/24/2021,F
"ABFRL"," EQ"," 23-Dec-2021"," 277.15"," 278.60"," 282.80"," 271.00"," 278.50"," 278.75"," 279.70"," 1816743"," 5081.35"," 20572"," 493617"," 27.17",88,108,30.31,12/23/2021,F
"ABFRL"," EQ"," 22-Dec-2021"," 270.70"," 273.25"," 279.35"," 271.30"," 277.00"," 277.15"," 276.06"," 2768950"," 7643.94"," 29259"," 662861"," 23.94",95,109,30.42,12/22/2021,F
"ABFRL"," EQ"," 21-Dec-2021"," 258.25"," 259.45"," 277.00"," 259.45"," 271.30"," 270.70"," 269.47"," 6656047"," 17936.28"," 69667"," 1177870"," 17.70",96,110,30.54,12/21/2021,F
"ABFRL"," EQ"," 20-Dec-2021"," 269.40"," 265.00"," 265.35"," 253.05"," 258.00"," 258.25"," 259.02"," 3392227"," 8786.45"," 37850"," 990151"," 29.19",90,110,30.74,12/20/2021,F
"ABFRL"," EQ"," 17-Dec-2021"," 274.25"," 273.65"," 280.70"," 267.00"," 269.20"," 269.40"," 273.15"," 5658286"," 15455.66"," 52820"," 1485752"," 26.26",107,110,30.96,12/17/2021,F
"ABFRL"," EQ"," 16-Dec-2021"," 282.45"," 284.25"," 286.50"," 272.35"," 276.10"," 274.25"," 278.65"," 4403990"," 12271.60"," 44704"," 1729661"," 39.27",99,110,31.11,12/16/2021,F
"ABFRL"," EQ"," 15-Dec-2021"," 283.35"," 286.00"," 293.00"," 279.55"," 282.65"," 282.45"," 286.83"," 10835903"," 31080.34"," 91667"," 2279279"," 21.03",118,111,30.97,12/15/2021,F
"ABFRL"," EQ"," 14-Dec-2021"," 266.15"," 265.70"," 290.90"," 264.40"," 285.35"," 283.35"," 281.53"," 18237309"," 51342.90"," 153864"," 2056440"," 11.28",119,111,31.32,12/14/2021,F
"ABFRL"," EQ"," 13-Dec-2021"," 271.65"," 274.25"," 274.95"," 263.90"," 266.90"," 266.15"," 268.29"," 1543068"," 4139.91"," 15186"," 636628"," 41.26",102,111,31.90,12/13/2021,F
"ABFRL"," EQ"," 10-Dec-2021"," 271.25"," 271.70"," 274.35"," 270.70"," 271.25"," 271.65"," 272.38"," 934140"," 2544.38"," 17513"," 348337"," 37.29",53,111,31.80,12/10/2021,F
"ABFRL"," EQ"," 09-Dec-2021"," 272.75"," 275.55"," 279.00"," 269.10"," 272.00"," 271.25"," 272.28"," 2335482"," 6359.10"," 32585"," 432455"," 18.52",72,112,31.71,12/09/2021,F
"ABFRL"," EQ"," 08-Dec-2021"," 263.65"," 265.00"," 273.90"," 264.45"," 272.50"," 272.75"," 270.17"," 3129608"," 8455.18"," 26921"," 1051873"," 33.61",116,112,32.09,12/08/2021,T
"ABFRL"," EQ"," 07-Dec-2021"," 256.60"," 260.00"," 267.00"," 256.50"," 264.00"," 263.65"," 261.89"," 1941646"," 5084.92"," 21774"," 609223"," 31.38",89,112,31.99,12/07/2021,F
"ABFRL"," EQ"," 06-Dec-2021"," 264.50"," 264.00"," 264.00"," 255.20"," 256.95"," 256.60"," 259.93"," 1092989"," 2841.01"," 14559"," 299460"," 27.40",75,112,32.11,12/06/2021,F
"ABFRL"," EQ"," 03-Dec-2021"," 262.20"," 262.80"," 269.70"," 262.05"," 264.15"," 264.50"," 265.95"," 2249483"," 5982.46"," 30001"," 411152"," 18.28",75,112,32.36,12/03/2021,F
"ABFRL"," EQ"," 02-Dec-2021"," 260.95"," 259.00"," 263.70"," 257.60"," 261.95"," 262.20"," 261.49"," 1521302"," 3978.00"," 15712"," 386018"," 25.37",97,113,32.62,12/02/2021,F
"ABFRL"," EQ"," 01-Dec-2021"," 255.10"," 259.00"," 262.15"," 252.70"," 260.70"," 260.95"," 258.12"," 1822295"," 4703.65"," 18206"," 331826"," 18.21",100,114,32.67,12/01/2021,F
"ABFRL"," EQ"," 30-Nov-2021"," 254.25"," 253.15"," 264.00"," 251.00"," 258.00"," 255.10"," 259.12"," 2464402"," 6385.81"," 25223"," 962074"," 39.04",98,113,33.10,11/30/2021,F
"ABFRL"," EQ"," 29-Nov-2021"," 259.55"," 259.40"," 262.40"," 245.95"," 253.65"," 254.25"," 256.18"," 2631190"," 6740.48"," 27689"," 1108576"," 42.13",95,113,33.10,11/29/2021,F
"ABFRL"," EQ"," 26-Nov-2021"," 276.55"," 273.50"," 274.95"," 257.00"," 259.35"," 259.55"," 262.48"," 4607889"," 12094.77"," 70090"," 1868541"," 40.55",66,114,33.13,11/26/2021,F
"ABFRL"," EQ"," 25-Nov-2021"," 272.95"," 274.00"," 278.00"," 268.60"," 277.05"," 276.55"," 274.43"," 5120073"," 14050.76"," 33258"," 3413504"," 66.67",154,115,32.94,11/25/2021,T
"ABFRL"," EQ"," 24-Nov-2021"," 276.65"," 277.00"," 279.50"," 271.55"," 272.55"," 272.95"," 276.01"," 2057976"," 5680.24"," 32264"," 607665"," 29.53",64,115,32.33,11/24/2021,F
"ABFRL"," EQ"," 23-Nov-2021"," 269.55"," 266.00"," 278.65"," 265.10"," 277.00"," 276.65"," 274.69"," 3150243"," 8653.39"," 46564"," 1218551"," 38.68",68,116,32.27,11/23/2021,F
"ABFRL"," EQ"," 22-Nov-2021"," 284.65"," 280.50"," 282.85"," 266.20"," 269.00"," 269.55"," 274.53"," 8049409"," 22097.69"," 46084"," 5313203"," 66.01",175,117,32.09,11/22/2021,T
"ABFRL"," EQ"," 18-Nov-2021"," 281.60"," 282.50"," 286.80"," 277.10"," 284.00"," 284.65"," 282.41"," 2959021"," 8356.58"," 33067"," 960244"," 32.45",89,116,31.58,11/18/2021,F
"ABFRL"," EQ"," 17-Nov-2021"," 289.95"," 290.00"," 291.55"," 279.60"," 281.00"," 281.60"," 284.82"," 2970430"," 8460.35"," 28836"," 1220977"," 41.10",103,117,31.56,11/17/2021,F
"ABFRL"," EQ"," 16-Nov-2021"," 290.30"," 291.55"," 296.15"," 286.80"," 291.00"," 289.95"," 291.93"," 6041004"," 17635.21"," 27970"," 4092231"," 67.74",216,116,31.48,11/16/2021,T
"ABFRL"," EQ"," 15-Nov-2021"," 298.20"," 299.75"," 301.50"," 287.70"," 290.20"," 290.30"," 292.81"," 3602962"," 10549.87"," 28182"," 1322416"," 36.70",128,114,30.75,11/15/2021,T
"ABFRL"," EQ"," 12-Nov-2021"," 300.45"," 302.90"," 305.75"," 297.00"," 299.00"," 298.20"," 300.70"," 3079654"," 9260.50"," 29692"," 932302"," 30.27",104,114,30.72,11/12/2021,F
"ABFRL"," EQ"," 11-Nov-2021"," 301.90"," 302.00"," 307.45"," 298.05"," 301.00"," 300.45"," 302.99"," 2991405"," 9063.70"," 32516"," 495718"," 16.57",92,113,30.81,11/11/2021,F
"ABFRL"," EQ"," 10-Nov-2021"," 305.75"," 305.20"," 310.00"," 299.20"," 301.75"," 301.90"," 304.97"," 7254278"," 22123.46"," 56383"," 2112396"," 29.12",129,113,31.15,11/10/2021,F
"ABFRL"," EQ"," 09-Nov-2021"," 288.70"," 290.15"," 306.90"," 289.30"," 306.00"," 305.75"," 300.35"," 9739451"," 29252.56"," 83254"," 1501505"," 15.42",117,112,31.26,11/09/2021,F
"ABFRL"," EQ"," 08-Nov-2021"," 289.80"," 292.15"," 293.40"," 285.10"," 289.00"," 288.70"," 288.55"," 2836573"," 8184.85"," 32890"," 584767"," 20.62",86,112,31.61,11/08/2021,F
"ABFRL"," EQ"," 04-Nov-2021"," 285.15"," 285.25"," 292.00"," 282.50"," 290.50"," 289.80"," 287.52"," 1593904"," 4582.79"," 21304"," 465337"," 29.19",75,113,31.91,11/04/2021,F
"ABFRL"," EQ"," 03-Nov-2021"," 288.10"," 290.95"," 299.90"," 282.00"," 282.90"," 285.15"," 290.72"," 19010433"," 55266.31"," 176375"," 2400961"," 12.63",108,113,32.07,11/03/2021,F
"ABFRL"," EQ"," 02-Nov-2021"," 271.20"," 272.75"," 289.80"," 269.20"," 289.00"," 288.10"," 281.36"," 10176023"," 28631.19"," 82532"," 2790139"," 27.42",123,113,32.52,11/02/2021,F
"ABFRL"," EQ"," 01-Nov-2021"," 263.00"," 264.65"," 273.20"," 261.10"," 270.05"," 271.20"," 269.32"," 5213250"," 14040.36"," 46143"," 1319707"," 25.31",113,114,32.74,11/01/2021,F
"ABFRL"," EQ"," 29-Oct-2021"," 255.55"," 253.40"," 264.40"," 247.30"," 263.45"," 263.00"," 259.11"," 5282540"," 13687.46"," 42810"," 1958116"," 37.07",123,114,32.70,10/29/2021,T
"ABFRL"," EQ"," 28-Oct-2021"," 254.60"," 253.05"," 259.40"," 246.60"," 255.10"," 255.55"," 253.78"," 4604523"," 11685.24"," 40475"," 1899140"," 41.25",114,114,32.43,10/28/2021,F
"ABFRL"," EQ"," 27-Oct-2021"," 260.25"," 262.00"," 264.50"," 252.05"," 253.80"," 254.60"," 257.91"," 3484769"," 8987.71"," 23099"," 1388543"," 39.85",151,114,32.16,10/27/2021,T
"ABFRL"," EQ"," 26-Oct-2021"," 248.45"," 249.00"," 261.90"," 249.00"," 261.85"," 260.25"," 256.47"," 3299448"," 8462.24"," 30249"," 851000"," 25.79",109,114,31.95,10/26/2021,F
"ABFRL"," EQ"," 25-Oct-2021"," 252.75"," 254.10"," 254.90"," 242.15"," 249.00"," 248.45"," 247.66"," 4300724"," 10651.15"," 35588"," 1306683"," 30.38",121,114,32.02,10/25/2021,F
"ABFRL"," EQ"," 22-Oct-2021"," 250.10"," 251.40"," 262.00"," 248.85"," 254.00"," 252.75"," 255.33"," 4873618"," 12443.65"," 58615"," 974708"," 20.00",83,113,31.88,10/22/2021,F
"ABFRL"," EQ"," 21-Oct-2021"," 252.50"," 252.60"," 255.85"," 243.00"," 253.05"," 250.10"," 249.46"," 3765278"," 9392.92"," 24303"," 1504144"," 39.95",155,114,31.99,10/21/2021,T
"ABFRL"," EQ"," 20-Oct-2021"," 254.65"," 254.70"," 256.60"," 245.35"," 252.50"," 252.50"," 251.40"," 3565713"," 8964.30"," 32065"," 1062100"," 29.79",111,113,31.69,10/20/2021,F
"ABFRL"," EQ"," 19-Oct-2021"," 266.75"," 267.00"," 272.00"," 250.70"," 253.10"," 254.65"," 258.60"," 5111881"," 13219.15"," 41207"," 1755891"," 34.35",124,113,31.72,10/19/2021,T
"ABFRL"," EQ"," 18-Oct-2021"," 264.25"," 264.00"," 276.15"," 262.15"," 266.20"," 266.75"," 270.30"," 4645688"," 12557.34"," 47052"," 1762335"," 37.93",99,113,31.70,10/18/2021,F
"ABFRL"," EQ"," 14-Oct-2021"," 270.00"," 269.50"," 271.70"," 261.75"," 264.35"," 264.25"," 265.92"," 2623003"," 6974.98"," 29759"," 748154"," 28.52",88,113,31.34,10/14/2021,F
"ABFRL"," EQ"," 13-Oct-2021"," 271.95"," 273.95"," 275.60"," 266.60"," 267.00"," 270.00"," 271.58"," 3898543"," 10587.55"," 37053"," 1408158"," 36.12",105,113,31.37,10/13/2021,F
"ABFRL"," EQ"," 12-Oct-2021"," 262.60"," 261.65"," 275.55"," 257.50"," 272.30"," 271.95"," 270.25"," 9577512"," 25883.29"," 75834"," 2771188"," 28.93",126,113,31.04,10/12/2021,F
"ABFRL"," EQ"," 11-Oct-2021"," 256.65"," 258.90"," 265.00"," 253.70"," 261.65"," 262.60"," 260.96"," 4859599"," 12681.48"," 39866"," 1449392"," 29.83",122,114,30.90,10/11/2021,F
"ABFRL"," EQ"," 08-Oct-2021"," 258.90"," 260.00"," 264.00"," 250.00"," 257.65"," 256.65"," 256.61"," 4909652"," 12598.55"," 38719"," 873346"," 17.79",127,113,30.92,10/08/2021,F
"ABFRL"," EQ"," 07-Oct-2021"," 240.75"," 243.00"," 261.70"," 243.00"," 259.95"," 258.90"," 255.44"," 9383410"," 23969.36"," 68685"," 2285690"," 24.36",137,113,31.36,10/07/2021,F
"ABFRL"," EQ"," 06-Oct-2021"," 255.60"," 257.00"," 257.95"," 239.00"," 240.00"," 240.75"," 248.41"," 5768308"," 14329.08"," 55312"," 1409568"," 24.44",104,112,31.32,10/06/2021,F
"ABFRL"," EQ"," 05-Oct-2021"," 240.80"," 240.80"," 259.40"," 238.65"," 256.30"," 255.60"," 252.93"," 11071898"," 28003.72"," 89641"," 2261150"," 20.42",124,112,31.74,10/05/2021,F
"ABFRL"," EQ"," 04-Oct-2021"," 244.25"," 245.90"," 246.55"," 234.45"," 240.00"," 240.80"," 239.30"," 5358319"," 12822.49"," 40773"," 1719297"," 32.09",131,113,32.39,10/04/2021,F
"ABFRL"," EQ"," 01-Oct-2021"," 246.35"," 242.55"," 251.00"," 241.15"," 243.30"," 244.25"," 245.47"," 5795738"," 14227.04"," 57743"," 987309"," 17.04",100,113,32.46,10/01/2021,F
"ABFRL"," EQ"," 30-Sep-2021"," 231.65"," 233.20"," 249.90"," 229.30"," 246.50"," 246.35"," 243.93"," 20051452"," 48911.26"," 156806"," 4350393"," 21.70",128,113,32.78,09/30/2021,F
"ABFRL"," EQ"," 29-Sep-2021"," 223.50"," 221.00"," 233.50"," 219.25"," 231.75"," 231.65"," 228.36"," 4515673"," 10311.79"," 48377"," 1135352"," 25.14",93,112,33.11,09/29/2021,F
"ABFRL"," EQ"," 28-Sep-2021"," 225.85"," 225.85"," 229.50"," 220.55"," 223.30"," 223.50"," 225.56"," 2133572"," 4812.54"," 23247"," 494947"," 23.20",92,113,33.12,09/28/2021,F
"ABFRL"," EQ"," 27-Sep-2021"," 223.85"," 226.10"," 231.80"," 221.00"," 225.80"," 225.85"," 227.25"," 4572496"," 10391.15"," 44684"," 1073173"," 23.47",102,113,33.30,09/27/2021,F
"ABFRL"," EQ"," 24-Sep-2021"," 218.60"," 220.00"," 229.90"," 219.00"," 224.00"," 223.85"," 225.86"," 10370735"," 23423.24"," 77962"," 3665250"," 35.34",133,113,33.48,09/24/2021,T
"ABFRL"," EQ"," 23-Sep-2021"," 214.60"," 216.65"," 227.60"," 213.10"," 219.10"," 218.60"," 221.22"," 6977410"," 15435.16"," 47735"," 2365894"," 33.91",146,113,33.55,09/23/2021,T
"ABFRL"," EQ"," 22-Sep-2021"," 201.55"," 203.00"," 216.00"," 201.30"," 214.00"," 214.60"," 210.65"," 3983094"," 8390.58"," 28500"," 1271484"," 31.92",140,112,33.52,09/22/2021,F
"ABFRL"," EQ"," 21-Sep-2021"," 201.45"," 202.00"," 203.20"," 198.00"," 202.00"," 201.55"," 200.63"," 2230529"," 4475.02"," 22603"," 661313"," 29.65",99,112,33.56,09/21/2021,F
"ABFRL"," EQ"," 20-Sep-2021"," 212.10"," 210.25"," 210.55"," 200.40"," 201.45"," 201.45"," 204.58"," 2906472"," 5946.12"," 25367"," 1241310"," 42.71",115,112,33.65,09/20/2021,T
"ABFRL"," EQ"," 17-Sep-2021"," 217.70"," 218.55"," 219.55"," 210.25"," 212.20"," 212.10"," 213.38"," 2430251"," 5185.75"," 19682"," 877944"," 36.13",123,112,33.58,09/17/2021,T
"ABFRL"," EQ"," 16-Sep-2021"," 219.65"," 220.00"," 222.75"," 217.10"," 218.00"," 217.70"," 220.24"," 2752932"," 6063.10"," 23169"," 832649"," 30.25",119,112,33.71,09/16/2021,F
"ABFRL"," EQ"," 15-Sep-2021"," 216.05"," 216.80"," 221.00"," 216.30"," 220.00"," 219.65"," 218.76"," 1619338"," 3542.39"," 13507"," 696258"," 43.00",120,112,33.80,09/15/2021,T
"ABFRL"," EQ"," 14-Sep-2021"," 215.90"," 216.00"," 221.45"," 214.70"," 216.25"," 216.05"," 217.77"," 2448242"," 5331.62"," 21924"," 1143549"," 46.71",112,112,33.85,09/14/2021,F
"ABFRL"," EQ"," 13-Sep-2021"," 214.40"," 215.00"," 219.00"," 214.00"," 216.00"," 215.90"," 217.29"," 2008026"," 4363.24"," 16492"," 704424"," 35.08",122,112,33.77,09/13/2021,T
"ABFRL"," EQ"," 09-Sep-2021"," 214.50"," 213.50"," 216.00"," 213.00"," 214.90"," 214.40"," 214.35"," 1407445"," 3016.80"," 18426"," 591699"," 42.04",76,112,33.67,09/09/2021,F
"ABFRL"," EQ"," 08-Sep-2021"," 215.90"," 217.00"," 218.90"," 212.55"," 214.50"," 214.50"," 215.81"," 1780625"," 3842.85"," 14620"," 489095"," 27.47",122,112,33.47,09/08/2021,F
"ABFRL"," EQ"," 07-Sep-2021"," 216.80"," 217.70"," 217.70"," 213.15"," 215.90"," 215.90"," 215.23"," 1589773"," 3421.62"," 13975"," 610805"," 38.42",114,112,33.66,09/07/2021,T
"ABFRL"," EQ"," 06-Sep-2021"," 219.40"," 220.50"," 221.30"," 216.40"," 216.85"," 216.80"," 217.96"," 1167166"," 2543.93"," 16608"," 503528"," 43.14",70,112,33.55,09/06/2021,F
"ABFRL"," EQ"," 03-Sep-2021"," 218.70"," 218.30"," 221.95"," 214.85"," 218.95"," 219.40"," 219.18"," 3515504"," 7705.42"," 29341"," 1184470"," 33.69",120,112,33.55,09/03/2021,T
"ABFRL"," EQ"," 02-Sep-2021"," 208.00"," 208.00"," 220.85"," 208.00"," 218.90"," 218.70"," 217.11"," 5759274"," 12504.19"," 44634"," 1661477"," 28.85",129,112,33.47,09/02/2021,F
"ABFRL"," EQ"," 01-Sep-2021"," 208.10"," 208.45"," 210.65"," 206.10"," 208.00"," 208.00"," 208.27"," 1791236"," 3730.56"," 22256"," 789888"," 44.10",80,112,33.74,09/01/2021,F
"ABFRL"," EQ"," 31-Aug-2021"," 208.15"," 208.15"," 210.80"," 207.40"," 208.45"," 208.10"," 209.14"," 1472771"," 3080.15"," 15027"," 574375"," 39.00",98,112,33.73,08/31/2021,F
"ABFRL"," EQ"," 30-Aug-2021"," 202.35"," 203.45"," 210.00"," 203.40"," 208.00"," 208.15"," 208.15"," 3323105"," 6917.02"," 25321"," 1472887"," 44.32",131,112,33.61,08/30/2021,T
"ABFRL"," EQ"," 27-Aug-2021"," 200.35"," 200.70"," 203.85"," 198.25"," 202.00"," 202.35"," 201.83"," 1777711"," 3587.89"," 11808"," 514595"," 28.95",151,112,33.48,08/27/2021,F
"ABFRL"," EQ"," 26-Aug-2021"," 197.85"," 198.00"," 202.25"," 197.10"," 200.65"," 200.35"," 200.28"," 1827130"," 3659.41"," 12992"," 532893"," 29.17",141,111,33.47,08/26/2021,F
"ABFRL"," EQ"," 25-Aug-2021"," 198.15"," 198.15"," 200.85"," 195.40"," 198.50"," 197.85"," 198.10"," 1779237"," 3524.75"," 14674"," 463961"," 26.08",121,111,33.76,08/25/2021,F
"ABFRL"," EQ"," 24-Aug-2021"," 194.00"," 194.95"," 199.00"," 189.35"," 197.85"," 198.15"," 195.47"," 1868856"," 3653.04"," 18849"," 511150"," 27.35",99,111,34.20,08/24/2021,F
"ABFRL"," EQ"," 23-Aug-2021"," 200.05"," 202.00"," 203.70"," 192.45"," 194.20"," 194.00"," 196.00"," 1542994"," 3024.20"," 12725"," 318452"," 20.64",121,111,34.47,08/23/2021,F
"ABFRL"," EQ"," 20-Aug-2021"," 205.90"," 201.00"," 204.55"," 198.50"," 199.60"," 200.05"," 201.41"," 2650899"," 5339.25"," 18001"," 1219614"," 46.01",147,111,34.94,08/20/2021,T
"ABFRL"," EQ"," 18-Aug-2021"," 206.35"," 208.00"," 208.00"," 203.15"," 205.75"," 205.90"," 205.39"," 1242325"," 2551.57"," 16695"," 447295"," 36.00",74,111,35.31,08/18/2021,F
"ABFRL"," EQ"," 17-Aug-2021"," 206.45"," 206.00"," 208.50"," 203.40"," 205.85"," 206.35"," 206.09"," 1116692"," 2301.44"," 12966"," 261379"," 23.41",86,112,35.57,08/17/2021,F
"ABFRL"," EQ"," 16-Aug-2021"," 206.60"," 206.55"," 209.45"," 203.40"," 206.50"," 206.45"," 206.35"," 2454794"," 5065.58"," 16942"," 852167"," 34.71",145,112,35.83,08/16/2021,F
"ABFRL"," EQ"," 13-Aug-2021"," 209.70"," 209.00"," 210.95"," 205.95"," 207.10"," 206.60"," 208.30"," 1123268"," 2339.82"," 22286"," 398690"," 35.49",50,111,36.09,08/13/2021,F
"ABFRL"," EQ"," 12-Aug-2021"," 207.90"," 209.00"," 212.75"," 208.00"," 209.70"," 209.70"," 210.93"," 2292417"," 4835.37"," 27826"," 861493"," 37.58",82,112,36.05,08/12/2021,F
"ABFRL"," EQ"," 11-Aug-2021"," 206.35"," 206.05"," 209.90"," 196.85"," 208.50"," 207.90"," 204.82"," 4056564"," 8308.74"," 53562"," 1457580"," 35.93",76,113,36.03,08/11/2021,F
"ABFRL"," EQ"," 10-Aug-2021"," 209.85"," 210.00"," 212.00"," 199.00"," 207.00"," 206.35"," 205.72"," 2416606"," 4971.47"," 22442"," 886511"," 36.68",108,113,36.11,08/10/2021,F
"ABFRL"," EQ"," 09-Aug-2021"," 212.25"," 213.10"," 215.40"," 207.10"," 209.55"," 209.85"," 210.48"," 2739132"," 5765.41"," 24530"," 1330815"," 48.59",112,113,36.03,08/09/2021,F
"ABFRL"," EQ"," 06-Aug-2021"," 212.95"," 213.40"," 217.00"," 210.15"," 212.70"," 212.25"," 214.20"," 1477912"," 3165.76"," 13211"," 329646"," 22.30",112,113,36.07,08/06/2021,F
"ABFRL"," EQ"," 05-Aug-2021"," 216.20"," 216.45"," 217.85"," 209.35"," 212.85"," 212.95"," 212.06"," 3107846"," 6590.52"," 35520"," 1216007"," 39.13",87,112,36.32,08/05/2021,F
"ABFRL"," EQ"," 04-Aug-2021"," 221.70"," 223.45"," 224.80"," 215.10"," 215.75"," 216.20"," 219.72"," 2206900"," 4849.01"," 15971"," 892435"," 40.44",138,113,36.33,08/04/2021,T
"ABFRL"," EQ"," 03-Aug-2021"," 224.50"," 224.50"," 227.45"," 219.70"," 222.75"," 221.70"," 222.16"," 3734855"," 8297.25"," 23685"," 1527989"," 40.91",158,113,36.43,08/03/2021,T
"ABFRL"," EQ"," 02-Aug-2021"," 224.25"," 227.00"," 229.50"," 221.70"," 224.00"," 224.50"," 224.75"," 2897320"," 6511.86"," 25775"," 667767"," 23.05",112,113,36.41,08/02/2021,F
"ABFRL"," EQ"," 30-Jul-2021"," 227.20"," 228.00"," 234.50"," 219.15"," 227.00"," 224.25"," 226.86"," 14124521"," 32043.05"," 97240"," 2828345"," 20.02",145,112,36.81,07/30/2021,F
"ABFRL"," EQ"," 29-Jul-2021"," 226.05"," 226.05"," 231.50"," 222.55"," 227.00"," 227.20"," 227.49"," 4072371"," 9264.37"," 34766"," 1016381"," 24.96",117,111,37.36,07/29/2021,F
"ABFRL"," EQ"," 28-Jul-2021"," 223.05"," 222.50"," 227.80"," 213.10"," 225.90"," 226.05"," 221.40"," 3707340"," 8208.21"," 30662"," 975307"," 26.31",121,111,37.74,07/28/2021,F
"ABFRL"," EQ"," 27-Jul-2021"," 217.15"," 217.15"," 224.90"," 217.05"," 222.00"," 223.05"," 222.55"," 5605433"," 12474.73"," 48559"," 1713404"," 30.57",115,110,37.90,07/27/2021,F
"ABFRL"," EQ"," 26-Jul-2021"," 218.40"," 215.80"," 220.60"," 215.10"," 217.00"," 217.15"," 217.31"," 1946142"," 4229.25"," 20640"," 415813"," 21.37",94,110,38.01,07/26/2021,F
"ABFRL"," EQ"," 23-Jul-2021"," 220.00"," 220.70"," 221.80"," 215.30"," 217.25"," 218.40"," 218.05"," 2517420"," 5489.19"," 23824"," 683546"," 27.15",106,110,38.54,07/23/2021,F
"ABFRL"," EQ"," 22-Jul-2021"," 208.55"," 210.90"," 221.70"," 210.35"," 220.05"," 220.00"," 217.45"," 5342484"," 11617.21"," 44086"," 1115156"," 20.87",121,109,38.73,07/22/2021,F
"ABFRL"," EQ"," 20-Jul-2021"," 218.70"," 220.00"," 221.20"," 205.10"," 208.45"," 208.55"," 210.88"," 4363622"," 9201.86"," 42816"," 1442439"," 33.06",102,109,38.98,07/20/2021,F
"ABFRL"," EQ"," 19-Jul-2021"," 223.55"," 220.45"," 224.50"," 217.00"," 218.40"," 218.70"," 220.54"," 1610265"," 3551.20"," 16889"," 427881"," 26.57",95,109,38.77,07/19/2021,F
"ABFRL"," EQ"," 16-Jul-2021"," 223.95"," 225.10"," 227.85"," 222.20"," 222.80"," 223.55"," 224.52"," 2224506"," 4994.43"," 19850"," 466170"," 20.96",112,110,39.27,07/16/2021,F
"ABFRL"," EQ"," 15-Jul-2021"," 227.65"," 228.45"," 228.85"," 222.80"," 223.60"," 223.95"," 225.83"," 1829532"," 4131.57"," 16562"," 555367"," 30.36",110,109,39.44,07/15/2021,F
"ABFRL"," EQ"," 14-Jul-2021"," 229.45"," 230.00"," 231.65"," 225.00"," 226.70"," 227.65"," 228.17"," 7607482"," 17357.92"," 66733"," 1211687"," 15.93",114,109,39.66,07/14/2021,F
"ABFRL"," EQ"," 13-Jul-2021"," 213.15"," 215.00"," 230.50"," 213.60"," 228.85"," 229.45"," 225.23"," 18236591"," 41073.43"," 132338"," 3643858"," 19.98",138,109,40.04,07/13/2021,F
"ABFRL"," EQ"," 12-Jul-2021"," 213.00"," 215.00"," 216.00"," 212.25"," 212.80"," 213.15"," 213.99"," 937694"," 2006.57"," 10339"," 290671"," 31.00",91,109,40.84,07/12/2021,F
"ABFRL"," EQ"," 09-Jul-2021"," 214.25"," 213.00"," 218.20"," 212.70"," 213.00"," 213.00"," 214.77"," 1891902"," 4063.21"," 16283"," 854223"," 45.15",116,109,41.22,07/09/2021,T
"ABFRL"," EQ"," 08-Jul-2021"," 213.50"," 214.00"," 219.90"," 212.55"," 214.65"," 214.25"," 216.61"," 2785570"," 6033.72"," 24891"," 602474"," 21.63",112,110,41.55,07/08/2021,F
"ABFRL"," EQ"," 07-Jul-2021"," 214.95"," 214.50"," 216.20"," 212.45"," 214.00"," 213.50"," 213.94"," 1135288"," 2428.78"," 11406"," 578959"," 51.00",100,109,42.22,07/07/2021,F
"ABFRL"," EQ"," 06-Jul-2021"," 219.05"," 216.05"," 221.00"," 214.00"," 214.65"," 214.95"," 217.99"," 2585579"," 5636.26"," 16011"," 1566476"," 60.59",161,108,42.03,07/06/2021,T
"ABFRL"," EQ"," 05-Jul-2021"," 214.85"," 215.00"," 221.15"," 213.20"," 218.75"," 219.05"," 217.65"," 2950734"," 6422.17"," 22233"," 1075633"," 36.45",133,108,41.88,07/05/2021,F
"ABFRL"," EQ"," 02-Jul-2021"," 214.00"," 214.85"," 216.95"," 214.35"," 214.60"," 214.85"," 215.66"," 1435061"," 3094.90"," 18005"," 530642"," 36.98",80,107,42.26,07/02/2021,F
"ABFRL"," EQ"," 01-Jul-2021"," 215.75"," 216.60"," 218.55"," 213.30"," 214.80"," 214.00"," 215.07"," 1560129"," 3355.31"," 16515"," 655802"," 42.04",94,107,42.34,07/01/2021,F
"ABFRL"," EQ"," 30-Jun-2021"," 213.60"," 213.00"," 222.80"," 213.00"," 216.30"," 215.75"," 218.70"," 3469958"," 7588.83"," 28183"," 885605"," 25.52",123,106,42.37,06/30/2021,F
"ABFRL"," EQ"," 29-Jun-2021"," 219.55"," 219.55"," 220.00"," 212.85"," 213.30"," 213.60"," 215.31"," 1509530"," 3250.22"," 15378"," 516420"," 34.21",98,105,42.79,06/29/2021,F
"ABFRL"," EQ"," 28-Jun-2021"," 221.50"," 223.00"," 224.75"," 218.00"," 218.20"," 219.55"," 221.39"," 3927791"," 8695.61"," 35065"," 1380469"," 35.15",112,105,42.73,06/28/2021,F
"ABFRL"," EQ"," 25-Jun-2021"," 210.35"," 212.00"," 223.60"," 208.50"," 222.80"," 221.50"," 217.11"," 11144807"," 24196.37"," 73208"," 4388653"," 39.38",152,104,42.86,06/25/2021,F
"ABFRL"," EQ"," 24-Jun-2021"," 212.20"," 212.75"," 214.00"," 205.75"," 211.30"," 210.35"," 209.49"," 1793532"," 3757.29"," 17981"," 574920"," 32.06",100,103,42.53,06/24/2021,F
"ABFRL"," EQ"," 23-Jun-2021"," 212.35"," 213.80"," 215.55"," 209.25"," 212.40"," 212.20"," 212.90"," 3274778"," 6972.04"," 35485"," 1129684"," 34.50",92,103,42.51,06/23/2021,F
"ABFRL"," EQ"," 22-Jun-2021"," 200.50"," 202.50"," 214.30"," 202.35"," 210.50"," 212.35"," 209.77"," 5541303"," 11624.05"," 41930"," 1937621"," 34.97",132,102,42.66,06/22/2021,F
"ABFRL"," EQ"," 21-Jun-2021"," 201.60"," 199.00"," 202.60"," 196.65"," 200.20"," 200.50"," 200.19"," 1918906"," 3841.53"," 19885"," 742921"," 38.72",97,101,43.01,06/21/2021,F
"ABFRL"," EQ"," 18-Jun-2021"," 201.50"," 203.50"," 204.40"," 193.80"," 201.45"," 201.60"," 199.88"," 2024306"," 4046.17"," 17507"," 897660"," 44.34",116,100,43.25,06/18/2021,T
"ABFRL"," EQ"," 17-Jun-2021"," 203.30"," 200.00"," 206.75"," 200.00"," 201.60"," 201.50"," 203.26"," 1660120"," 3374.36"," 12093"," 591133"," 35.61",137,100,43.45,06/17/2021,F
"ABFRL"," EQ"," 16-Jun-2021"," 204.50"," 204.95"," 205.75"," 201.95"," 202.55"," 203.30"," 203.80"," 976813"," 1990.77"," 9027"," 451147"," 46.19",108,98,43.65,06/16/2021,T
"ABFRL"," EQ"," 15-Jun-2021"," 205.85"," 206.40"," 208.85"," 204.00"," 204.65"," 204.50"," 206.29"," 1580034"," 3259.42"," 15847"," 657918"," 41.64",100,98,43.88,06/15/2021,F
"ABFRL"," EQ"," 14-Jun-2021"," 207.90"," 207.85"," 208.00"," 201.50"," 206.40"," 205.85"," 204.73"," 1573182"," 3220.78"," 12308"," 534128"," 33.95",128,97,44.23,06/14/2021,F
"ABFRL"," EQ"," 11-Jun-2021"," 208.20"," 208.30"," 211.35"," 205.60"," 207.60"," 207.90"," 208.49"," 1662629"," 3466.48"," 17185"," 478584"," 28.78",97,96,44.54,06/11/2021,F
"ABFRL"," EQ"," 10-Jun-2021"," 203.55"," 205.40"," 210.80"," 204.00"," 207.15"," 208.20"," 208.49"," 2417643"," 5040.51"," 24345"," 707810"," 29.28",99,95,44.90,06/10/2021,F
"ABFRL"," EQ"," 09-Jun-2021"," 205.70"," 207.50"," 213.60"," 201.15"," 204.50"," 203.55"," 207.21"," 5694402"," 11799.36"," 47758"," 2225651"," 39.08",119,95,45.16,06/09/2021,F
"ABFRL"," EQ"," 08-Jun-2021"," 205.00"," 206.00"," 208.90"," 201.05"," 206.10"," 205.70"," 204.91"," 2056518"," 4214.06"," 19042"," 660120"," 32.10",108,94,45.36,06/08/2021,F
"ABFRL"," EQ"," 07-Jun-2021"," 204.00"," 206.35"," 209.95"," 204.30"," 205.00"," 205.00"," 206.61"," 3413775"," 7053.32"," 36873"," 1469820"," 43.06",93,93,45.59,06/07/2021,F
"ABFRL"," EQ"," 04-Jun-2021"," 197.15"," 201.00"," 208.95"," 201.00"," 203.50"," 204.00"," 205.35"," 8144434"," 16724.44"," 77299"," 2322578"," 28.52",105,93,45.48,06/04/2021,F
"ABFRL"," EQ"," 03-Jun-2021"," 198.75"," 200.00"," 200.85"," 195.35"," 196.30"," 197.15"," 198.48"," 1653797"," 3282.51"," 15024"," 755413"," 45.68",110,93,45.45,06/03/2021,T
"ABFRL"," EQ"," 02-Jun-2021"," 197.55"," 196.90"," 200.50"," 196.50"," 199.20"," 198.75"," 199.20"," 4130497"," 8227.94"," 39204"," 1806412"," 43.73",105,93,45.23,06/02/2021,F
"ABFRL"," EQ"," 01-Jun-2021"," 195.15"," 198.00"," 200.00"," 193.65"," 197.40"," 197.55"," 197.33"," 3952703"," 7799.81"," 38111"," 1228778"," 31.09",104,93,45.14,06/01/2021,F
"ABFRL"," EQ"," 31-May-2021"," 191.05"," 190.30"," 196.70"," 185.70"," 194.70"," 195.15"," 191.78"," 4565286"," 8755.40"," 39621"," 1669194"," 36.56",115,93,45.37,05/31/2021,F
"ABFRL"," EQ"," 28-May-2021"," 185.50"," 187.50"," 194.90"," 185.10"," 190.30"," 191.05"," 191.03"," 4948409"," 9452.80"," 45566"," 1383505"," 27.96",109,94,45.46,05/28/2021,F
"ABFRL"," EQ"," 27-May-2021"," 184.90"," 186.00"," 187.30"," 184.50"," 185.50"," 185.50"," 185.76"," 1118879"," 2078.40"," 9120"," 529138"," 47.29",123,94,45.71,05/27/2021,T
"ABFRL"," EQ"," 26-May-2021"," 184.85"," 186.50"," 189.65"," 184.50"," 185.25"," 184.90"," 186.18"," 2001697"," 3726.82"," 15934"," 1084237"," 54.17",126,94,45.65,05/26/2021,T
"ABFRL"," EQ"," 25-May-2021"," 191.55"," 193.40"," 193.40"," 184.00"," 185.50"," 184.85"," 188.00"," 1667072"," 3134.02"," 16762"," 737906"," 44.26",99,94,45.74,05/25/2021,F
"ABFRL"," EQ"," 24-May-2021"," 188.50"," 189.45"," 193.50"," 186.20"," 190.95"," 191.55"," 189.41"," 1981388"," 3752.97"," 14987"," 996175"," 50.28",132,96,46.23,05/24/2021,T
"ABFRL"," EQ"," 21-May-2021"," 184.15"," 186.70"," 190.00"," 184.15"," 189.50"," 188.50"," 186.46"," 1479694"," 2759.07"," 11501"," 839869"," 56.76",129,95,46.24,05/21/2021,T
"ABFRL"," EQ"," 20-May-2021"," 185.05"," 186.70"," 188.90"," 182.80"," 185.50"," 184.15"," 186.09"," 2100889"," 3909.48"," 14917"," 1003062"," 47.74",141,95,45.93,05/20/2021,T
"ABFRL"," EQ"," 19-May-2021"," 190.25"," 191.50"," 192.80"," 183.45"," 184.90"," 185.05"," 186.13"," 2164502"," 4028.87"," 17000"," 1144931"," 52.90",127,95,45.79,05/19/2021,T
"ABFRL"," EQ"," 18-May-2021"," 189.25"," 190.20"," 194.20"," 187.50"," 191.20"," 190.25"," 191.29"," 1902625"," 3639.48"," 21253"," 754961"," 39.68",90,94,45.61,05/18/2021,F
"ABFRL"," EQ"," 17-May-2021"," 181.90"," 183.00"," 190.00"," 181.50"," 188.75"," 189.25"," 186.06"," 1684101"," 3133.48"," 17723"," 869417"," 51.62",95,95,45.87,05/17/2021,F
"ABFRL"," EQ"," 14-May-2021"," 185.00"," 187.00"," 189.30"," 181.05"," 181.90"," 181.90"," 185.29"," 1906865"," 3533.30"," 18643"," 630010"," 33.04",102,94,45.75,05/14/2021,F
"ABFRL"," EQ"," 12-May-2021"," 180.85"," 182.65"," 186.90"," 180.60"," 186.00"," 185.00"," 184.36"," 2327380"," 4290.74"," 21655"," 957208"," 41.13",107,95,45.58,05/12/2021,F
"ABFRL"," EQ"," 11-May-2021"," 176.10"," 175.30"," 182.70"," 175.30"," 182.50"," 180.85"," 178.89"," 1473014"," 2635.14"," 17885"," 466677"," 31.68",82,94,45.77,05/11/2021,F
"ABFRL"," EQ"," 10-May-2021"," 176.05"," 177.60"," 180.20"," 174.10"," 176.80"," 176.10"," 176.69"," 1799220"," 3179.01"," 20097"," 915109"," 50.86",90,95,46.07,05/10/2021,F
"ABFRL"," EQ"," 07-May-2021"," 174.90"," 175.10"," 177.50"," 174.35"," 175.30"," 176.05"," 175.98"," 706959"," 1244.13"," 7740"," 270337"," 38.24",91,95,45.87,05/07/2021,F
"ABFRL"," EQ"," 06-May-2021"," 172.95"," 174.80"," 177.00"," 172.10"," 174.60"," 174.90"," 174.50"," 2261266"," 3945.81"," 17113"," 892776"," 39.48",132,95,45.98,05/06/2021,F
"ABFRL"," EQ"," 05-May-2021"," 176.75"," 178.70"," 179.60"," 171.70"," 172.60"," 172.95"," 173.99"," 2206027"," 3838.31"," 15687"," 1041362"," 47.21",141,95,46.31,05/05/2021,T
"ABFRL"," EQ"," 04-May-2021"," 179.35"," 183.00"," 184.00"," 175.55"," 176.50"," 176.75"," 179.38"," 2227302"," 3995.34"," 16687"," 874887"," 39.28",133,94,46.42,05/04/2021,F
"ABFRL"," EQ"," 03-May-2021"," 175.00"," 175.00"," 181.40"," 173.50"," 180.50"," 179.35"," 178.25"," 1958444"," 3490.99"," 19203"," 947143"," 48.36",102,94,46.72,05/03/2021,T
"ABFRL"," EQ"," 30-Apr-2021"," 177.75"," 176.00"," 178.50"," 174.30"," 174.85"," 175.00"," 176.23"," 1934646"," 3409.41"," 22911"," 1058468"," 54.71",84,93,46.59,04/30/2021,F
"ABFRL"," EQ"," 29-Apr-2021"," 179.75"," 181.00"," 184.20"," 177.00"," 177.80"," 177.75"," 180.01"," 1838221"," 3309.04"," 21632"," 900973"," 49.01",85,94,46.37,04/29/2021,F
"ABFRL"," EQ"," 28-Apr-2021"," 180.95"," 181.55"," 184.70"," 178.40"," 179.35"," 179.75"," 182.00"," 1835941"," 3341.48"," 22687"," 669039"," 36.44",81,95,46.28,04/28/2021,F
"ABFRL"," EQ"," 27-Apr-2021"," 173.60"," 174.05"," 183.90"," 174.05"," 180.90"," 180.95"," 180.82"," 2842615"," 5139.97"," 27613"," 1066076"," 37.50",103,95,46.15,04/27/2021,F
"ABFRL"," EQ"," 26-Apr-2021"," 173.50"," 173.95"," 177.30"," 172.10"," 174.00"," 173.60"," 174.57"," 1056454"," 1844.29"," 14331"," 575813"," 54.50",74,95,46.30,04/26/2021,F
"ABFRL"," EQ"," 23-Apr-2021"," 176.45"," 177.00"," 177.20"," 171.85"," 173.05"," 173.50"," 174.41"," 1217741"," 2123.87"," 13509"," 473757"," 38.90",90,95,46.09,04/23/2021,F
"ABFRL"," EQ"," 22-Apr-2021"," 173.85"," 172.50"," 178.40"," 170.20"," 174.75"," 176.45"," 175.05"," 1948743"," 3411.24"," 25419"," 716443"," 36.76",77,96,45.89,04/22/2021,F
"ABFRL"," EQ"," 20-Apr-2021"," 164.55"," 167.15"," 176.15"," 167.00"," 175.00"," 173.85"," 171.96"," 4305098"," 7402.84"," 33729"," 869570"," 20.20",128,96,45.58,04/20/2021,F
"ABFRL"," EQ"," 19-Apr-2021"," 173.75"," 167.00"," 167.95"," 163.10"," 164.95"," 164.55"," 165.32"," 3144326"," 5198.25"," 23576"," 1817878"," 57.81",133,97,46.46,04/19/2021,T
"ABFRL"," EQ"," 16-Apr-2021"," 171.60"," 171.90"," 177.50"," 171.50"," 172.80"," 173.75"," 175.21"," 1365859"," 2393.12"," 15037"," 429551"," 31.45",91,98,46.24,04/16/2021,F
"ABFRL"," EQ"," 15-Apr-2021"," 176.50"," 175.00"," 175.25"," 169.25"," 171.00"," 171.60"," 171.34"," 1325248"," 2270.73"," 21980"," 587480"," 44.33",60,98,46.72,04/15/2021,F
"ABFRL"," EQ"," 13-Apr-2021"," 172.90"," 173.80"," 180.90"," 170.55"," 176.40"," 176.50"," 173.98"," 4184325"," 7279.94"," 27452"," 2909657"," 69.54",152,99,46.53,04/13/2021,T
"ABFRL"," EQ"," 12-Apr-2021"," 189.70"," 185.00"," 185.00"," 171.25"," 174.30"," 172.90"," 175.14"," 3018176"," 5285.96"," 33841"," 1647664"," 54.59",89,99,46.17,04/12/2021,F
"ABFRL"," EQ"," 09-Apr-2021"," 189.70"," 190.00"," 192.85"," 188.00"," 188.95"," 189.70"," 190.35"," 2453038"," 4669.43"," 14860"," 1611894"," 65.71",165,99,46.25,04/09/2021,T
"ABFRL"," EQ"," 08-Apr-2021"," 191.60"," 193.00"," 194.40"," 188.50"," 188.80"," 189.70"," 190.89"," 2521870"," 4813.91"," 29821"," 1582819"," 62.76",85,98,45.70,04/08/2021,F
"ABFRL"," EQ"," 07-Apr-2021"," 189.80"," 188.00"," 194.95"," 188.00"," 191.50"," 191.60"," 192.16"," 1258220"," 2417.86"," 22807"," 496252"," 39.44",55,98,45.37,04/07/2021,F
"ABFRL"," EQ"," 06-Apr-2021"," 187.25"," 188.15"," 193.50"," 185.05"," 189.05"," 189.80"," 189.00"," 2325811"," 4395.80"," 22306"," 1200699"," 51.62",104,99,45.41,04/06/2021,T
"ABFRL"," EQ"," 05-Apr-2021"," 198.95"," 198.50"," 198.50"," 186.00"," 187.30"," 187.25"," 189.06"," 3051902"," 5769.97"," 41086"," 1819851"," 59.63",74,98,45.31,04/05/2021,F
"ABFRL"," EQ"," 01-Apr-2021"," 201.25"," 203.60"," 207.00"," 197.55"," 198.65"," 198.95"," 201.78"," 2452891"," 4949.33"," 42353"," 1075328"," 43.84",58,99,45.02,04/01/2021,F
"ABFRL"," EQ"," 31-Mar-2021"," 203.60"," 204.95"," 204.95"," 199.25"," 200.25"," 201.25"," 200.96"," 940344"," 1889.68"," 20532"," 477410"," 50.77",46,100,44.79,03/31/2021,F
"ABFRL"," EQ"," 30-Mar-2021"," 204.05"," 207.50"," 207.65"," 198.15"," 204.45"," 203.60"," 202.42"," 1918890"," 3884.19"," 29886"," 589508"," 30.72",64,100,44.64,03/30/2021,F
"ABFRL"," EQ"," 26-Mar-2021"," 194.25"," 195.00"," 207.85"," 194.65"," 206.50"," 204.05"," 198.24"," 2813581"," 5577.53"," 44102"," 549085"," 19.52",64,101,44.60,03/26/2021,F
"ABFRL"," EQ"," 25-Mar-2021"," 194.40"," 194.90"," 196.50"," 189.50"," 195.00"," 194.25"," 191.82"," 1957147"," 3754.22"," 26896"," 604951"," 30.91",73,102,45.00,03/25/2021,F
"ABFRL"," EQ"," 24-Mar-2021"," 202.20"," 201.90"," 203.35"," 193.25"," 193.80"," 194.40"," 197.91"," 768365"," 1520.63"," 16506"," 334046"," 43.47",47,103,45.27,03/24/2021,F
"ABFRL"," EQ"," 23-Mar-2021"," 205.90"," 205.70"," 207.05"," 201.50"," 202.80"," 202.20"," 203.74"," 1086006"," 2212.63"," 14791"," 607967"," 55.98",73,103,45.32,03/23/2021,F
"ABFRL"," EQ"," 22-Mar-2021"," 206.15"," 205.90"," 207.65"," 202.25"," 206.00"," 205.90"," 204.77"," 1753377"," 3590.41"," 37423"," 936405"," 53.41",47,103,45.26,03/22/2021,F
"ABFRL"," EQ"," 19-Mar-2021"," 202.75"," 198.65"," 209.20"," 196.00"," 205.60"," 206.15"," 204.22"," 3555931"," 7261.95"," 35540"," 2010722"," 56.55",100,103,45.30,03/19/2021,F
"ABFRL"," EQ"," 18-Mar-2021"," 204.80"," 206.05"," 215.00"," 199.10"," 205.60"," 202.75"," 205.78"," 3001514"," 6176.51"," 46141"," 1417149"," 47.21",65,103,45.33,03/18/2021,F
"ABFRL"," EQ"," 17-Mar-2021"," 212.85"," 214.00"," 215.95"," 201.75"," 205.00"," 204.80"," 208.26"," 1958402"," 4078.58"," 33695"," 1173060"," 59.90",58,104,45.24,03/17/2021,F
"ABFRL"," EQ"," 16-Mar-2021"," 216.80"," 217.25"," 218.00"," 210.75"," 214.05"," 212.85"," 214.02"," 1783266"," 3816.54"," 26381"," 1123975"," 63.03",68,105,44.76,03/16/2021,F
"ABFRL"," EQ"," 15-Mar-2021"," 218.65"," 219.00"," 220.10"," 214.10"," 217.90"," 216.80"," 216.33"," 1675970"," 3625.54"," 27968"," 873431"," 52.11",60,106,44.52,03/15/2021,F
"ABFRL"," EQ"," 12-Mar-2021"," 217.85"," 220.10"," 221.25"," 216.65"," 218.50"," 218.65"," 218.87"," 1417112"," 3101.70"," 39516"," 713550"," 50.35",36,106,44.56,03/12/2021,F
"ABFRL"," EQ"," 10-Mar-2021"," 217.45"," 218.00"," 218.75"," 215.10"," 218.00"," 217.85"," 217.10"," 1863064"," 4044.68"," 37125"," 949767"," 50.98",50,107,44.87,03/10/2021,F
"ABFRL"," EQ"," 09-Mar-2021"," 220.85"," 223.10"," 223.70"," 214.55"," 216.80"," 217.45"," 218.55"," 3741197"," 8176.38"," 49618"," 1700158"," 45.44",75,108,44.89,03/09/2021,F
"ABFRL"," EQ"," 08-Mar-2021"," 216.95"," 218.00"," 223.60"," 215.15"," 220.05"," 220.85"," 218.70"," 2978385"," 6513.69"," 38460"," 1096386"," 36.81",77,107,44.93,03/08/2021,F
"ABFRL"," EQ"," 05-Mar-2021"," 217.85"," 219.00"," 221.20"," 212.80"," 216.50"," 216.95"," 217.51"," 5514935"," 11995.27"," 43855"," 1460421"," 26.48",126,107,45.14,03/05/2021,F
"ABFRL"," EQ"," 04-Mar-2021"," 209.00"," 205.00"," 219.90"," 204.60"," 218.50"," 217.85"," 214.63"," 5372710"," 11531.59"," 51539"," 1752176"," 32.61",104,106,45.56,03/04/2021,F
"ABFRL"," EQ"," 03-Mar-2021"," 206.15"," 209.80"," 216.90"," 207.35"," 209.00"," 209.00"," 212.10"," 6527775"," 13845.47"," 69433"," 2512239"," 38.49",94,106,45.88,03/03/2021,F
"ABFRL"," EQ"," 02-Mar-2021"," 192.85"," 195.00"," 208.70"," 195.00"," 207.50"," 206.15"," 201.98"," 9727547"," 19648.11"," 77717"," 4378414"," 45.01",125,106,46.08,03/02/2021,F
"ABFRL"," EQ"," 01-Mar-2021"," 183.60"," 186.05"," 196.90"," 182.45"," 193.75"," 192.85"," 192.02"," 7958240"," 15281.40"," 58874"," 3314139"," 41.64",135,106,46.33,03/01/2021,F
"ABFRL"," EQ"," 26-Feb-2021"," 182.35"," 177.50"," 185.00"," 176.25"," 182.90"," 183.60"," 181.88"," 4766228"," 8668.68"," 38674"," 2052246"," 43.06",123,105,46.40,02/26/2021,F
"ABFRL"," EQ"," 25-Feb-2021"," 179.25"," 182.30"," 185.00"," 176.35"," 181.35"," 182.35"," 181.03"," 5618914"," 10171.70"," 46749"," 2429973"," 43.25",120,105,46.95,02/25/2021,F
"ABFRL"," EQ"," 24-Feb-2021"," 168.40"," 170.00"," 184.00"," 170.00"," 181.50"," 179.25"," 175.94"," 7198216"," 12664.33"," 46071"," 4293195"," 59.64",156,104,47.12,02/24/2021,T
"ABFRL"," EQ"," 23-Feb-2021"," 166.50"," 168.15"," 169.90"," 166.00"," 168.35"," 168.40"," 167.87"," 4514222"," 7578.22"," 22965"," 3315878"," 73.45",197,102,47.06,02/23/2021,T
"ABFRL"," EQ"," 22-Feb-2021"," 166.00"," 164.80"," 168.40"," 164.70"," 166.70"," 166.50"," 166.47"," 1750989"," 2914.88"," 19559"," 885812"," 50.59",90,100,46.84,02/22/2021,F
"ABFRL"," EQ"," 19-Feb-2021"," 163.70"," 162.95"," 169.80"," 161.90"," 166.25"," 166.00"," 165.24"," 2918190"," 4821.99"," 24913"," 1121844"," 38.44",117,101,46.91,02/19/2021,F
"ABFRL"," EQ"," 18-Feb-2021"," 162.25"," 163.00"," 166.50"," 161.20"," 163.55"," 163.70"," 163.09"," 1523486"," 2484.59"," 13690"," 599453"," 39.35",111,100,47.17,02/18/2021,F
"ABFRL"," EQ"," 17-Feb-2021"," 164.85"," 164.40"," 164.55"," 161.00"," 162.25"," 162.25"," 162.39"," 1141905"," 1854.30"," 12964"," 484205"," 42.40",88,100,47.40,02/17/2021,F
"ABFRL"," EQ"," 16-Feb-2021"," 166.90"," 166.90"," 168.25"," 163.00"," 164.60"," 164.85"," 165.59"," 1317403"," 2181.46"," 10327"," 729434"," 55.37",128,100,47.47,02/16/2021,T
"ABFRL"," EQ"," 15-Feb-2021"," 166.45"," 166.90"," 169.95"," 166.05"," 167.00"," 166.90"," 167.96"," 1388376"," 2331.92"," 17759"," 618496"," 44.55",78,100,47.52,02/15/2021,F
"ABFRL"," EQ"," 12-Feb-2021"," 167.85"," 168.60"," 168.85"," 164.50"," 166.85"," 166.45"," 166.50"," 1456945"," 2425.87"," 13663"," 399041"," 27.39",107,100,47.76,02/12/2021,F
"ABFRL"," EQ"," 11-Feb-2021"," 165.00"," 166.40"," 172.20"," 166.00"," 167.85"," 167.85"," 168.96"," 2843668"," 4804.61"," 24499"," 1157040"," 40.69",116,100,48.14,02/11/2021,F
"ABFRL"," EQ"," 10-Feb-2021"," 165.70"," 167.85"," 168.15"," 162.00"," 167.55"," 165.00"," 164.23"," 3285415"," 5395.60"," 47137"," 1738542"," 52.92",70,100,47.94,02/10/2021,F
"ABFRL"," EQ"," 09-Feb-2021"," 164.40"," 167.90"," 172.25"," 165.00"," 165.90"," 165.70"," 168.15"," 5028652"," 8455.58"," 45264"," 2479092"," 49.30",111,100,47.96,02/09/2021,T
"ABFRL"," EQ"," 08-Feb-2021"," 166.75"," 170.00"," 172.40"," 163.15"," 164.55"," 164.40"," 168.56"," 8882503"," 14972.13"," 77830"," 3475111"," 39.12",114,100,48.01,02/08/2021,F
"ABFRL"," EQ"," 05-Feb-2021"," 158.85"," 158.85"," 169.90"," 158.00"," 167.95"," 166.75"," 165.34"," 6805330"," 11251.78"," 72138"," 3049681"," 44.81",94,99,47.89,02/05/2021,F
"ABFRL"," EQ"," 04-Feb-2021"," 150.80"," 151.50"," 163.50"," 150.50"," 158.50"," 158.85"," 155.12"," 7711345"," 11962.06"," 60922"," 4590494"," 59.53",127,99,47.69,02/04/2021,T
"ABFRL"," EQ"," 03-Feb-2021"," 150.95"," 152.00"," 152.50"," 150.25"," 150.90"," 150.80"," 151.19"," 2729127"," 4126.05"," 25293"," 1465483"," 53.70",108,99,47.40,02/03/2021,T
"ABFRL"," EQ"," 02-Feb-2021"," 152.05"," 154.80"," 156.15"," 150.55"," 150.95"," 150.95"," 152.16"," 2578907"," 3924.08"," 26056"," 1476442"," 57.25",99,99,47.10,02/02/2021,F
"ABFRL"," EQ"," 01-Feb-2021"," 150.10"," 152.00"," 154.25"," 148.50"," 153.00"," 152.05"," 152.63"," 1680804"," 2565.34"," 20951"," 683263"," 40.65",80,99,46.93,02/01/2021,F
"ABFRL"," EQ"," 29-Jan-2021"," 152.60"," 154.90"," 157.60"," 149.00"," 150.00"," 150.10"," 152.48"," 3390594"," 5170.04"," 30236"," 1403104"," 41.38",112,99,46.86,01/29/2021,F
"ABFRL"," EQ"," 28-Jan-2021"," 162.10"," 164.80"," 164.80"," 150.25"," 152.50"," 152.60"," 154.71"," 7360278"," 11387.12"," 61193"," 3184540"," 43.27",120,99,46.87,01/28/2021,F
"ABFRL"," EQ"," 27-Jan-2021"," 163.75"," 164.00"," 171.00"," 161.05"," 162.90"," 162.10"," 164.95"," 2041719"," 3367.86"," 21257"," 590280"," 28.91",96,99,46.72,01/27/2021,F
"ABFRL"," EQ"," 25-Jan-2021"," 171.55"," 171.65"," 173.20"," 162.00"," 163.70"," 163.75"," 167.45"," 1655246"," 2771.70"," 13946"," 700343"," 42.31",119,99,46.50,01/25/2021,F
"ABFRL"," EQ"," 22-Jan-2021"," 173.85"," 173.80"," 175.60"," 170.15"," 171.95"," 171.55"," 172.68"," 1348636"," 2328.85"," 13084"," 363152"," 26.93",103,99,46.05,01/22/2021,F
"ABFRL"," EQ"," 21-Jan-2021"," 173.55"," 189.00"," 194.80"," 170.15"," 172.20"," 173.85"," 181.15"," 9245527"," 16748.06"," 87238"," 2244575"," 24.28",106,100,45.93,01/21/2021,F
"ABFRL"," EQ"," 20-Jan-2021"," 174.05"," 175.00"," 175.75"," 172.50"," 173.50"," 173.55"," 174.33"," 605340"," 1055.28"," 7486"," 241162"," 39.84",81,101,46.14,01/20/2021,F
"ABFRL"," EQ"," 19-Jan-2021"," 170.15"," 172.00"," 175.90"," 170.55"," 173.50"," 174.05"," 173.18"," 2032970"," 3520.62"," 9241"," 1483343"," 72.96",220,102,46.12,01/19/2021,T
"ABFRL"," EQ"," 18-Jan-2021"," 176.25"," 176.00"," 176.50"," 169.25"," 170.10"," 170.15"," 171.54"," 1460667"," 2505.64"," 10358"," 655534"," 44.88",141,100,45.67,01/18/2021,F
"ABFRL"," EQ"," 15-Jan-2021"," 180.40"," 180.35"," 180.75"," 174.50"," 176.50"," 176.25"," 177.53"," 1973983"," 3504.49"," 13901"," 1190420"," 60.31",142,100,45.68,01/15/2021,T
"ABFRL"," EQ"," 14-Jan-2021"," 180.55"," 181.50"," 182.35"," 177.15"," 179.85"," 180.40"," 180.47"," 1854475"," 3346.85"," 17375"," 769332"," 41.49",107,100,45.80,01/14/2021,F
"ABFRL"," EQ"," 13-Jan-2021"," 174.55"," 177.00"," 181.90"," 175.00"," 180.70"," 180.55"," 178.61"," 4537370"," 8104.10"," 39617"," 1727224"," 38.07",115,100,45.73,01/13/2021,F
"ABFRL"," EQ"," 12-Jan-2021"," 168.75"," 168.40"," 175.90"," 167.40"," 174.80"," 174.55"," 173.82"," 5215456"," 9065.36"," 52013"," 2464159"," 47.25",100,100,45.89,01/12/2021,F
"ABFRL"," EQ"," 11-Jan-2021"," 166.45"," 168.60"," 169.80"," 165.20"," 168.70"," 168.75"," 167.93"," 2272832"," 3816.74"," 23148"," 1346501"," 59.24",98,100,45.96,01/11/2021,F
"ABFRL"," EQ"," 08-Jan-2021"," 168.35"," 168.60"," 170.55"," 165.50"," 166.30"," 166.45"," 168.69"," 1879933"," 3171.32"," 14663"," 614618"," 32.69",128,100,46.00,01/08/2021,F
"ABFRL"," EQ"," 07-Jan-2021"," 166.70"," 167.55"," 170.20"," 165.65"," 168.15"," 168.35"," 168.02"," 1830946"," 3076.44"," 17296"," 778022"," 42.49",106,100,46.47,01/07/2021,F
"ABFRL"," EQ"," 06-Jan-2021"," 166.95"," 167.65"," 168.85"," 164.60"," 166.25"," 166.70"," 166.63"," 1567365"," 2611.65"," 19766"," 651417"," 41.56",79,101,46.79,01/06/2021,F
"ABFRL"," EQ"," 05-Jan-2021"," 166.80"," 164.40"," 167.30"," 163.50"," 166.65"," 166.95"," 165.55"," 1469231"," 2432.35"," 21513"," 675477"," 45.97",68,102,47.15,01/05/2021,F
"ABFRL"," EQ"," 04-Jan-2021"," 166.50"," 168.50"," 168.65"," 164.10"," 165.70"," 166.80"," 166.56"," 1927284"," 3210.14"," 21543"," 1061676"," 55.09",89,104,47.28,01/04/2021,F
"ABFRL"," EQ"," 01-Jan-2021"," 165.60"," 166.65"," 168.80"," 165.90"," 166.70"," 166.50"," 167.19"," 1109915"," 1855.67"," 10217"," 347671"," 31.32",109,104,46.93,01/01/2021,F
"ABFRL"," EQ"," 31-Dec-2020"," 165.30"," 166.90"," 170.35"," 165.00"," 166.00"," 165.60"," 167.99"," 3680853"," 6183.60"," 33170"," 1095019"," 29.75",111,104,47.18,12/31/2020,F
"ABFRL"," EQ"," 30-Dec-2020"," 165.15"," 166.00"," 166.65"," 162.95"," 164.95"," 165.30"," 164.71"," 734100"," 1209.15"," 7696"," 306138"," 41.70",95,104,47.23,12/30/2020,F
"ABFRL"," EQ"," 29-Dec-2020"," 163.80"," 165.45"," 166.15"," 161.10"," 165.50"," 165.15"," 164.47"," 1081821"," 1779.24"," 9743"," 461129"," 42.63",111,103,47.16,12/29/2020,F
"ABFRL"," EQ"," 28-Dec-2020"," 164.10"," 167.00"," 168.45"," 163.15"," 163.60"," 163.80"," 165.55"," 1548437"," 2563.46"," 12619"," 462570"," 29.87",123,103,47.02,12/28/2020,F
"ABFRL"," EQ"," 24-Dec-2020"," 155.70"," 158.90"," 167.75"," 156.35"," 163.55"," 164.10"," 162.19"," 4072865"," 6605.65"," 34149"," 1937623"," 47.57",119,102,47.21,12/24/2020,T
"ABFRL"," EQ"," 23-Dec-2020"," 150.65"," 151.05"," 156.80"," 150.95"," 155.50"," 155.70"," 153.75"," 700537"," 1077.05"," 14118"," 325372"," 46.45",50,101,46.99,12/23/2020,F
"ABFRL"," EQ"," 22-Dec-2020"," 151.40"," 150.90"," 153.55"," 144.00"," 152.00"," 150.65"," 148.11"," 2072848"," 3070.05"," 30861"," 1081627"," 52.18",67,102,46.65,12/22/2020,F
"ABFRL"," EQ"," 21-Dec-2020"," 160.25"," 160.00"," 160.90"," 144.20"," 153.25"," 151.40"," 153.25"," 2214346"," 3393.57"," 23811"," 1245099"," 56.23",93,102,46.21,12/21/2020,F
"ABFRL"," EQ"," 18-Dec-2020"," 163.95"," 164.50"," 164.55"," 159.05"," 159.40"," 160.25"," 161.43"," 1171231"," 1890.69"," 12289"," 686094"," 58.58",95,102,46.11,12/18/2020,F
"ABFRL"," EQ"," 17-Dec-2020"," 163.60"," 164.10"," 166.85"," 162.05"," 164.50"," 163.95"," 164.64"," 2422776"," 3988.77"," 23955"," 998757"," 41.22",101,101,46.20,12/17/2020,F
"ABFRL"," EQ"," 16-Dec-2020"," 160.20"," 161.30"," 167.30"," 160.05"," 163.00"," 163.60"," 163.51"," 4495845"," 7351.35"," 38004"," 1364986"," 30.36",118,101,46.21,12/16/2020,F
"ABFRL"," EQ"," 15-Dec-2020"," 159.95"," 161.00"," 162.00"," 158.75"," 160.25"," 160.20"," 160.27"," 1383021"," 2216.55"," 12511"," 660635"," 47.77",111,101,46.25,12/15/2020,T
"ABFRL"," EQ"," 14-Dec-2020"," 159.25"," 159.55"," 160.70"," 159.05"," 160.30"," 159.95"," 159.92"," 815567"," 1304.29"," 7345"," 448200"," 54.96",111,101,46.24,12/14/2020,T
"ABFRL"," EQ"," 11-Dec-2020"," 159.30"," 160.20"," 161.30"," 158.30"," 159.00"," 159.25"," 159.42"," 1036680"," 1652.68"," 16485"," 557807"," 53.81",63,101,46.36,12/11/2020,F
"ABFRL"," EQ"," 10-Dec-2020"," 161.25"," 160.95"," 161.15"," 156.75"," 159.50"," 159.30"," 159.13"," 1379987"," 2196.00"," 11311"," 839748"," 60.85",122,102,46.08,12/10/2020,T
"ABFRL"," EQ"," 09-Dec-2020"," 159.65"," 161.55"," 164.00"," 159.65"," 161.10"," 161.25"," 161.46"," 1760366"," 2842.27"," 22271"," 920072"," 52.27",79,101,45.58,12/09/2020,F
"ABFRL"," EQ"," 08-Dec-2020"," 161.15"," 164.00"," 164.40"," 158.10"," 159.70"," 159.65"," 160.66"," 1481770"," 2380.56"," 28801"," 709829"," 47.90",51,101,45.40,12/08/2020,F
"ABFRL"," EQ"," 07-Dec-2020"," 159.75"," 161.05"," 162.40"," 159.60"," 161.50"," 161.15"," 161.08"," 1216421"," 1959.45"," 20132"," 607868"," 49.97",60,102,45.26,12/07/2020,F
"ABFRL"," EQ"," 04-Dec-2020"," 163.70"," 163.40"," 165.40"," 158.35"," 160.00"," 159.75"," 161.09"," 1518427"," 2446.00"," 20724"," 802260"," 52.83",73,102,45.13,12/04/2020,F
"ABFRL"," EQ"," 03-Dec-2020"," 164.05"," 165.10"," 168.00"," 163.00"," 163.50"," 163.70"," 165.66"," 1685344"," 2791.92"," 16700"," 892376"," 52.95",101,102,44.73,12/03/2020,F
"ABFRL"," EQ"," 02-Dec-2020"," 161.35"," 162.00"," 165.20"," 161.10"," 164.90"," 164.05"," 163.55"," 1712879"," 2801.46"," 15683"," 873565"," 51.00",109,103,44.78,12/02/2020,T
"ABFRL"," EQ"," 01-Dec-2020"," 162.65"," 164.40"," 165.95"," 160.55"," 162.00"," 161.35"," 163.75"," 2984535"," 4887.31"," 34961"," 1807062"," 60.55",85,103,44.65,12/01/2020,F
"ABFRL"," EQ"," 27-Nov-2020"," 157.05"," 162.10"," 165.00"," 157.00"," 164.55"," 162.65"," 160.98"," 3504376"," 5641.24"," 29758"," 2697450"," 76.97",118,103,44.04,11/27/2020,T
"ABFRL"," EQ"," 26-Nov-2020"," 155.75"," 156.00"," 157.45"," 154.05"," 157.25"," 157.05"," 156.11"," 779436"," 1216.75"," 14496"," 419990"," 53.88",54,104,43.80,11/26/2020,F
"ABFRL"," EQ"," 25-Nov-2020"," 155.30"," 157.00"," 158.90"," 154.50"," 155.40"," 155.75"," 157.37"," 1842378"," 2899.36"," 32289"," 1029121"," 55.86",57,106,44.10,11/25/2020,F
"ABFRL"," EQ"," 24-Nov-2020"," 156.90"," 158.00"," 158.85"," 154.70"," 156.10"," 155.30"," 156.45"," 999978"," 1564.42"," 13872"," 593969"," 59.40",72,108,44.31,11/24/2020,F
"ABFRL"," EQ"," 23-Nov-2020"," 159.60"," 159.00"," 160.40"," 156.40"," 156.60"," 156.90"," 157.71"," 1022634"," 1612.78"," 9822"," 561864"," 54.94",104,108,43.95,11/23/2020,F
"ABFRL"," EQ"," 20-Nov-2020"," 158.80"," 158.80"," 161.65"," 157.65"," 159.95"," 159.60"," 160.05"," 1285711"," 2057.73"," 19097"," 708524"," 55.11",67,109,43.65,11/20/2020,F
"ABFRL"," EQ"," 19-Nov-2020"," 159.45"," 158.90"," 162.50"," 157.00"," 158.05"," 158.80"," 160.51"," 3133203"," 5029.24"," 27535"," 1679079"," 53.59",114,110,43.14,11/19/2020,T
"ABFRL"," EQ"," 18-Nov-2020"," 157.85"," 158.00"," 160.75"," 155.55"," 158.70"," 159.45"," 158.48"," 1446618"," 2292.60"," 13051"," 669482"," 46.28",111,109,42.93,11/18/2020,T
"ABFRL"," EQ"," 17-Nov-2020"," 157.85"," 158.60"," 159.75"," 154.50"," 157.20"," 157.85"," 156.00"," 1790034"," 2792.37"," 14509"," 1052181"," 58.78",123,109,42.66,11/17/2020,T
"ABFRL"," EQ"," 14-Nov-2020"," 158.10"," 159.25"," 159.45"," 157.00"," 157.45"," 157.85"," 158.15"," 224405"," 354.90"," 2952"," 132823"," 59.19",76,109,42.43,11/14/2020,F
"ABFRL"," EQ"," 13-Nov-2020"," 155.55"," 156.00"," 159.35"," 155.00"," 157.80"," 158.10"," 156.96"," 1580871"," 2481.41"," 19804"," 806252"," 51.00",80,110,42.16,11/13/2020,F
"ABFRL"," EQ"," 12-Nov-2020"," 156.50"," 157.30"," 157.30"," 154.70"," 155.65"," 155.55"," 155.94"," 730694"," 1139.47"," 7263"," 208588"," 28.55",101,110,41.96,11/12/2020,F
"ABFRL"," EQ"," 11-Nov-2020"," 157.45"," 158.70"," 158.70"," 154.75"," 156.40"," 156.50"," 156.55"," 2059967"," 3224.78"," 24322"," 1106541"," 53.72",85,110,42.07,11/11/2020,F
"ABFRL"," EQ"," 10-Nov-2020"," 150.80"," 152.90"," 160.90"," 152.15"," 157.00"," 157.45"," 157.37"," 6480847"," 10199.08"," 65531"," 3421543"," 52.79",99,111,42.03,11/10/2020,F
"ABFRL"," EQ"," 09-Nov-2020"," 153.10"," 152.25"," 155.25"," 150.10"," 150.90"," 150.80"," 151.75"," 2562488"," 3888.46"," 31173"," 809942"," 31.61",82,111,42.03,11/09/2020,F
"ABFRL"," EQ"," 06-Nov-2020"," 154.70"," 155.70"," 157.50"," 150.10"," 152.25"," 153.10"," 153.42"," 3062922"," 4699.17"," 35130"," 983410"," 32.11",87,111,42.39,11/06/2020,F
"ABFRL"," EQ"," 05-Nov-2020"," 148.35"," 150.00"," 155.85"," 148.65"," 154.50"," 154.70"," 154.17"," 2646129"," 4079.60"," 17268"," 1098532"," 41.51",153,113,42.77,11/05/2020,F
"ABFRL"," EQ"," 04-Nov-2020"," 152.50"," 151.00"," 152.45"," 147.05"," 147.30"," 148.35"," 149.55"," 849023"," 1269.75"," 10422"," 300531"," 35.40",81,112,42.82,11/04/2020,F
"ABFRL"," EQ"," 03-Nov-2020"," 152.05"," 153.00"," 154.20"," 149.00"," 152.00"," 152.50"," 151.78"," 1827006"," 2773.03"," 17350"," 848116"," 46.42",105,113,42.68,11/03/2020,F
"ABFRL"," EQ"," 02-Nov-2020"," 153.30"," 154.65"," 154.65"," 150.55"," 151.15"," 152.05"," 151.87"," 881009"," 1337.96"," 9476"," 323716"," 36.74",93,113,42.73,11/02/2020,F
"ABFRL"," EQ"," 30-Oct-2020"," 154.95"," 154.00"," 158.45"," 151.20"," 153.80"," 153.30"," 155.09"," 2303319"," 3572.32"," 19478"," 960503"," 41.70",118,113,42.73,10/30/2020,F
"ABFRL"," EQ"," 29-Oct-2020"," 157.60"," 155.00"," 157.95"," 153.55"," 154.60"," 154.95"," 155.32"," 1870095"," 2904.58"," 18788"," 632903"," 33.84",100,113,42.75,10/29/2020,F
"ABFRL"," EQ"," 28-Oct-2020"," 165.20"," 162.70"," 163.45"," 157.00"," 157.90"," 157.60"," 160.21"," 2832347"," 4537.57"," 34227"," 1164526"," 41.12",83,113,42.81,10/28/2020,F
"ABFRL"," EQ"," 27-Oct-2020"," 161.20"," 160.00"," 166.90"," 156.80"," 165.10"," 165.20"," 163.46"," 5933369"," 9698.61"," 46549"," 1223390"," 20.62",127,113,42.82,10/27/2020,F
"ABFRL"," EQ"," 26-Oct-2020"," 164.95"," 167.90"," 171.90"," 159.10"," 161.00"," 161.20"," 166.09"," 11135863"," 18495.08"," 83136"," 1601028"," 14.38",134,112,43.20,10/26/2020,F
"ABFRL"," EQ"," 23-Oct-2020"," 153.50"," 153.95"," 178.95"," 149.80"," 165.00"," 164.95"," 166.97"," 59258955"," 98944.10"," 417011"," 11272181"," 19.02",142,111,43.68,10/23/2020,F
"ABFRL"," EQ"," 22-Oct-2020"," 150.80"," 153.10"," 154.90"," 149.00"," 154.80"," 153.50"," 152.01"," 4652475"," 7072.35"," 32221"," 1765464"," 37.95",144,111,44.07,10/22/2020,F
"ABFRL"," EQ"," 21-Oct-2020"," 144.55"," 145.95"," 153.90"," 144.25"," 151.50"," 150.80"," 149.37"," 8973304"," 13403.64"," 62545"," 3464030"," 38.60",143,111,43.97,10/21/2020,F
"ABFRL"," EQ"," 20-Oct-2020"," 144.80"," 145.95"," 148.80"," 142.20"," 144.05"," 144.55"," 145.03"," 4045614"," 5867.23"," 33259"," 1782977"," 44.07",122,111,43.76,10/20/2020,T
"ABFRL"," EQ"," 19-Oct-2020"," 137.40"," 138.00"," 145.75"," 138.00"," 145.15"," 144.80"," 143.03"," 4321511"," 6181.08"," 32860"," 1978019"," 45.77",132,110,44.16,10/19/2020,T
"ABFRL"," EQ"," 16-Oct-2020"," 132.20"," 133.00"," 138.00"," 132.00"," 137.30"," 137.40"," 135.99"," 3574071"," 4860.43"," 28338"," 2416664"," 67.62",126,110,44.33,10/16/2020,T
"ABFRL"," EQ"," 15-Oct-2020"," 132.30"," 133.15"," 135.45"," 131.05"," 132.00"," 132.20"," 133.53"," 1094284"," 1461.18"," 8764"," 411662"," 37.62",125,110,43.85,10/15/2020,F
"ABFRL"," EQ"," 14-Oct-2020"," 131.35"," 130.90"," 135.30"," 127.55"," 133.60"," 132.30"," 131.26"," 1887745"," 2477.88"," 16283"," 906646"," 48.03",116,109,43.93,10/14/2020,T
"ABFRL"," EQ"," 13-Oct-2020"," 127.60"," 128.00"," 132.80"," 125.60"," 132.25"," 131.35"," 128.42"," 1424017"," 1828.69"," 19123"," 729727"," 51.24",74,108,43.82,10/13/2020,F
"ABFRL"," EQ"," 12-Oct-2020"," 128.70"," 129.55"," 132.45"," 126.50"," 126.70"," 127.60"," 129.55"," 1975485"," 2559.21"," 15884"," 1227817"," 62.15",124,108,43.65,10/12/2020,T
"ABFRL"," EQ"," 09-Oct-2020"," 128.90"," 129.00"," 130.70"," 128.05"," 129.55"," 128.70"," 128.80"," 1305554"," 1681.56"," 9401"," 811227"," 62.14",139,108,43.29,10/09/2020,T
"ABFRL"," EQ"," 08-Oct-2020"," 131.95"," 133.15"," 133.30"," 127.75"," 128.95"," 128.90"," 130.84"," 1235464"," 1616.51"," 7987"," 772153"," 62.50",155,107,42.95,10/08/2020,T
"ABFRL"," EQ"," 07-Oct-2020"," 132.35"," 133.00"," 134.50"," 131.55"," 131.55"," 131.95"," 132.49"," 1174789"," 1556.47"," 7264"," 758113"," 64.53",162,107,42.59,10/07/2020,T
"ABFRL"," EQ"," 06-Oct-2020"," 132.20"," 133.70"," 136.45"," 131.30"," 132.05"," 132.35"," 133.53"," 2599446"," 3471.16"," 16136"," 1409246"," 54.21",161,105,42.43,10/06/2020,T
"ABFRL"," EQ"," 05-Oct-2020"," 132.60"," 133.40"," 134.85"," 129.95"," 132.40"," 132.20"," 133.91"," 946912"," 1268.00"," 8087"," 312237"," 32.97",117,104,42.32,10/05/2020,F
"ABFRL"," EQ"," 01-Oct-2020"," 133.60"," 135.00"," 135.50"," 131.70"," 132.50"," 132.60"," 133.61"," 663617"," 886.66"," 8181"," 217124"," 32.72",81,102,42.75,10/01/2020,F
"ABFRL"," EQ"," 30-Sep-2020"," 132.55"," 133.75"," 136.85"," 132.05"," 133.40"," 133.60"," 134.09"," 1549199"," 2077.29"," 23257"," 574896"," 37.11",67,102,43.04,09/30/2020,F
"ABFRL"," EQ"," 29-Sep-2020"," 131.05"," 132.00"," 133.65"," 129.15"," 132.30"," 132.55"," 131.12"," 1245647"," 1633.27"," 14351"," 423604"," 34.01",87,102,43.22,09/29/2020,F
"ABFRL"," EQ"," 25-Sep-2020"," 130.05"," 130.35"," 132.00"," 126.55"," 129.00"," 128.20"," 128.54"," 1981208"," 2546.55"," 22798"," 826584"," 41.72",87,100,43.56,09/25/2020,F
"ABFRL"," EQ"," 24-Sep-2020"," 131.65"," 126.75"," 131.45"," 126.75"," 129.40"," 130.05"," 129.08"," 1181308"," 1524.79"," 17510"," 401125"," 33.96",67,101,43.58,09/24/2020,F
"ABFRL"," EQ"," 23-Sep-2020"," 129.95"," 132.00"," 134.00"," 127.10"," 132.25"," 131.65"," 130.37"," 1459630"," 1902.87"," 14886"," 366678"," 25.12",98,101,43.70,09/23/2020,F
"ABFRL"," EQ"," 22-Sep-2020"," 126.60"," 125.00"," 133.85"," 120.50"," 131.70"," 129.95"," 129.05"," 2225643"," 2872.13"," 28371"," 563863"," 25.33",78,101,44.02,09/22/2020,F
"ABFRL"," EQ"," 21-Sep-2020"," 133.15"," 134.05"," 134.35"," 123.35"," 127.20"," 126.60"," 129.45"," 1442459"," 1867.27"," 20730"," 719339"," 49.87",70,102,44.21,09/21/2020,F
"ABFRL"," EQ"," 18-Sep-2020"," 135.35"," 136.00"," 136.70"," 132.50"," 132.70"," 133.15"," 134.11"," 1344005"," 1802.51"," 24541"," 864585"," 64.33",55,102,44.18,09/18/2020,F
"ABFRL"," EQ"," 17-Sep-2020"," 137.65"," 136.45"," 137.40"," 133.40"," 135.65"," 135.35"," 135.22"," 1058511"," 1431.31"," 10074"," 443821"," 41.93",105,102,43.89,09/17/2020,F
"ABFRL"," EQ"," 16-Sep-2020"," 134.15"," 135.60"," 139.75"," 134.75"," 137.40"," 137.65"," 137.56"," 1575486"," 2167.29"," 14221"," 513991"," 32.62",111,102,43.62,09/16/2020,F
"ABFRL"," EQ"," 15-Sep-2020"," 136.00"," 137.20"," 137.90"," 132.85"," 134.70"," 134.15"," 134.20"," 3549025"," 4762.81"," 29615"," 1668003"," 47.00",120,102,43.48,09/15/2020,T
"ABFRL"," EQ"," 14-Sep-2020"," 131.55"," 133.50"," 141.40"," 133.50"," 136.20"," 136.00"," 137.71"," 3958209"," 5450.92"," 46607"," 2463069"," 62.23",85,102,43.18,09/14/2020,F
"ABFRL"," EQ"," 11-Sep-2020"," 132.25"," 132.45"," 134.20"," 130.35"," 131.30"," 131.55"," 132.32"," 1114995"," 1475.35"," 10906"," 408427"," 36.63",102,102,42.68,09/11/2020,F
"ABFRL"," EQ"," 10-Sep-2020"," 129.95"," 131.95"," 135.00"," 130.25"," 132.10"," 132.25"," 132.31"," 1155718"," 1529.15"," 10999"," 345640"," 29.91",105,102,42.73,09/10/2020,F
"ABFRL"," EQ"," 09-Sep-2020"," 137.80"," 135.00"," 136.80"," 128.60"," 130.60"," 129.95"," 130.47"," 2403185"," 3135.51"," 32931"," 990025"," 41.20",73,102,42.75,09/09/2020,F
"ABFRL"," EQ"," 08-Sep-2020"," 137.25"," 137.95"," 139.05"," 134.45"," 136.65"," 137.80"," 136.46"," 1041440"," 1421.14"," 11561"," 410538"," 39.42",90,103,42.79,09/08/2020,F
"ABFRL"," EQ"," 07-Sep-2020"," 136.80"," 137.30"," 139.80"," 135.30"," 136.80"," 137.25"," 137.93"," 1944507"," 2682.01"," 21342"," 806583"," 41.48",91,103,42.75,09/07/2020,F
"ABFRL"," EQ"," 04-Sep-2020"," 139.30"," 138.00"," 144.65"," 135.00"," 137.10"," 136.80"," 139.85"," 2457098"," 3436.26"," 34336"," 695160"," 28.29",72,103,42.73,09/04/2020,F
"ABFRL"," EQ"," 03-Sep-2020"," 145.25"," 146.35"," 148.35"," 139.00"," 139.90"," 139.30"," 142.44"," 2487745"," 3543.59"," 19570"," 1386243"," 55.72",127,104,42.64,09/03/2020,T
"ABFRL"," EQ"," 02-Sep-2020"," 134.35"," 135.65"," 148.90"," 133.65"," 146.75"," 145.25"," 141.08"," 1291584"," 1822.21"," 12163"," 554191"," 42.91",106,104,42.39,09/02/2020,T
"ABFRL"," EQ"," 01-Sep-2020"," 139.90"," 137.10"," 141.70"," 131.60"," 135.30"," 134.35"," 135.03"," 1233649"," 1665.80"," 13876"," 460021"," 37.29",89,104,42.30,09/01/2020,F
"ABFRL"," EQ"," 31-Aug-2020"," 143.65"," 145.10"," 149.45"," 136.00"," 139.70"," 139.90"," 143.71"," 3717554"," 5342.32"," 29977"," 1105955"," 29.75",124,104,42.30,08/31/2020,F
"ABFRL"," EQ"," 28-Aug-2020"," 146.25"," 146.75"," 150.00"," 143.10"," 143.50"," 143.65"," 146.58"," 1458076"," 2137.25"," 10156"," 905633"," 62.11",144,104,42.38,08/28/2020,T
"ABFRL"," EQ"," 27-Aug-2020"," 149.05"," 149.10"," 152.15"," 145.40"," 146.65"," 146.25"," 149.13"," 2714322"," 4047.77"," 13179"," 1966645"," 72.45",206,104,42.06,08/27/2020,T
"ABFRL"," EQ"," 26-Aug-2020"," 151.10"," 151.00"," 152.10"," 148.20"," 149.00"," 149.05"," 150.09"," 2164099"," 3248.07"," 12870"," 1495691"," 69.11",168,103,41.40,08/26/2020,T
"ABFRL"," EQ"," 25-Aug-2020"," 149.50"," 148.05"," 152.90"," 146.90"," 151.75"," 151.10"," 150.88"," 2752961"," 4153.79"," 23713"," 1020415"," 37.07",116,101,40.90,08/25/2020,F
"ABFRL"," EQ"," 24-Aug-2020"," 146.45"," 153.10"," 153.40"," 145.20"," 149.80"," 149.50"," 148.61"," 2331922"," 3465.57"," 20555"," 838379"," 35.95",113,101,41.27,08/24/2020,F
"ABFRL"," EQ"," 21-Aug-2020"," 142.90"," 143.00"," 154.90"," 143.00"," 146.10"," 146.45"," 150.00"," 6088480"," 9132.84"," 44841"," 1373865"," 22.56",136,101,41.35,08/21/2020,F
"ABFRL"," EQ"," 20-Aug-2020"," 140.00"," 138.00"," 144.95"," 137.60"," 141.70"," 142.90"," 142.51"," 2760592"," 3934.15"," 30420"," 1114158"," 40.36",91,100,41.43,08/20/2020,F
"ABFRL"," EQ"," 19-Aug-2020"," 136.35"," 137.70"," 141.50"," 135.40"," 139.95"," 140.00"," 139.10"," 3329598"," 4631.46"," 29624"," 993034"," 29.82",112,101,41.22,08/19/2020,F
"ABFRL"," EQ"," 18-Aug-2020"," 133.10"," 134.40"," 137.25"," 132.00"," 136.15"," 136.35"," 135.17"," 3381445"," 4570.71"," 35370"," 1784143"," 52.76",96,100,41.17,08/18/2020,F
"ABFRL"," EQ"," 17-Aug-2020"," 129.25"," 130.95"," 134.70"," 126.25"," 132.00"," 133.10"," 132.84"," 2264486"," 3008.04"," 18676"," 763611"," 33.72",121,100,41.26,08/17/2020,F
"ABFRL"," EQ"," 14-Aug-2020"," 129.85"," 130.50"," 132.75"," 126.15"," 129.00"," 129.25"," 130.00"," 3077703"," 4000.98"," 25896"," 1169821"," 38.01",119,99,41.70,08/14/2020,F
"ABFRL"," EQ"," 13-Aug-2020"," 118.60"," 120.40"," 132.80"," 119.60"," 130.50"," 129.85"," 127.92"," 7822576"," 10006.36"," 69642"," 2790750"," 35.68",112,98,41.84,08/13/2020,F
"ABFRL"," EQ"," 12-Aug-2020"," 118.00"," 117.00"," 120.90"," 117.00"," 119.50"," 118.60"," 119.10"," 1367566"," 1628.79"," 13664"," 694483"," 50.78",100,101,42.54,08/12/2020,F
"ABFRL"," EQ"," 11-Aug-2020"," 118.95"," 119.60"," 120.05"," 117.70"," 118.00"," 118.00"," 118.54"," 1118533"," 1325.92"," 10859"," 594484"," 53.15",103,100,42.25,08/11/2020,T
"ABFRL"," EQ"," 10-Aug-2020"," 120.95"," 121.00"," 122.85"," 118.75"," 119.00"," 118.95"," 120.29"," 1103393"," 1327.32"," 13113"," 599391"," 54.32",84,100,42.34,08/10/2020,F
"ABFRL"," EQ"," 07-Aug-2020"," 123.80"," 124.00"," 124.85"," 120.00"," 120.95"," 120.95"," 121.75"," 2038128"," 2481.42"," 9789"," 1142155"," 56.04",208,100,42.04,08/07/2020,T
"ABFRL"," EQ"," 06-Aug-2020"," 123.40"," 124.35"," 125.00"," 121.95"," 123.35"," 123.80"," 123.40"," 534151"," 659.17"," 5291"," 238527"," 44.66",101,98,41.71,08/06/2020,T
"ABFRL"," EQ"," 05-Aug-2020"," 122.05"," 125.00"," 125.70"," 123.00"," 123.40"," 123.40"," 124.22"," 678477"," 842.77"," 5364"," 179396"," 26.44",126,98,41.30,08/05/2020,F
"ABFRL"," EQ"," 04-Aug-2020"," 121.20"," 121.50"," 123.30"," 120.70"," 122.20"," 122.05"," 122.10"," 777133"," 948.85"," 6451"," 384851"," 49.52",120,97,41.33,08/04/2020,T
"ABFRL"," EQ"," 03-Aug-2020"," 124.70"," 124.15"," 124.45"," 120.60"," 121.05"," 121.20"," 122.34"," 716488"," 876.54"," 6448"," 261958"," 36.56",111,96,41.22,08/03/2020,F
"ABFRL"," EQ"," 31-Jul-2020"," 123.00"," 121.75"," 125.25"," 121.55"," 124.25"," 124.70"," 124.10"," 883162"," 1096.04"," 9212"," 381464"," 43.19",96,95,41.57,07/31/2020,T
"ABFRL"," EQ"," 30-Jul-2020"," 125.35"," 126.40"," 127.00"," 122.25"," 123.15"," 123.00"," 124.73"," 513984"," 641.09"," 4967"," 193430"," 37.63",103,95,41.55,07/30/2020,F
"ABFRL"," EQ"," 29-Jul-2020"," 122.65"," 123.15"," 127.70"," 122.30"," 125.45"," 125.35"," 125.92"," 1361408"," 1714.33"," 19789"," 566362"," 41.60",69,96,41.87,07/29/2020,F
"ABFRL"," EQ"," 28-Jul-2020"," 125.00"," 125.00"," 127.50"," 121.65"," 123.00"," 122.65"," 123.91"," 1426328"," 1767.31"," 12357"," 634333"," 44.47",115,96,42.26,07/28/2020,T
"ABFRL"," EQ"," 27-Jul-2020"," 128.05"," 128.80"," 130.25"," 122.85"," 125.00"," 125.00"," 125.13"," 1174775"," 1470.04"," 14941"," 527472"," 44.90",79,97,42.80,07/27/2020,F
"ABFRL"," EQ"," 24-Jul-2020"," 126.45"," 125.55"," 129.30"," 123.70"," 128.20"," 128.05"," 126.64"," 2582607"," 3270.71"," 25603"," 1122113"," 43.45",101,96,42.81,07/24/2020,T
"ABFRL"," EQ"," 23-Jul-2020"," 120.30"," 119.55"," 127.50"," 119.05"," 126.60"," 126.45"," 125.49"," 4435615"," 5566.35"," 34748"," 1421382"," 32.04",128,96,43.22,07/23/2020,F
"ABFRL"," EQ"," 22-Jul-2020"," 112.40"," 113.20"," 123.20"," 112.10"," 120.50"," 120.30"," 119.90"," 5595280"," 6708.60"," 36560"," 1422364"," 25.42",153,96,44.11,07/22/2020,F
"ABFRL"," EQ"," 21-Jul-2020"," 113.40"," 113.95"," 114.85"," 111.80"," 112.00"," 112.40"," 113.10"," 1527953"," 1728.11"," 15658"," 1057675"," 69.22",98,95,44.76,07/21/2020,T
"ABFRL"," EQ"," 20-Jul-2020"," 115.15"," 116.00"," 117.00"," 112.85"," 113.40"," 113.40"," 114.79"," 1006547"," 1155.45"," 10207"," 567916"," 56.42",99,94,44.74,07/20/2020,T
"ABFRL"," EQ"," 17-Jul-2020"," 112.95"," 113.10"," 116.85"," 113.00"," 115.20"," 115.15"," 115.54"," 1320301"," 1525.42"," 10737"," 492062"," 37.27",123,94,44.88,07/17/2020,F
"ABFRL"," EQ"," 16-Jul-2020"," 115.60"," 115.70"," 115.70"," 112.50"," 113.10"," 112.95"," 113.52"," 1225403"," 1391.07"," 20242"," 523930"," 42.76",61,92,45.34,07/16/2020,F
"ABFRL"," EQ"," 15-Jul-2020"," 118.45"," 119.00"," 119.90"," 115.00"," 116.00"," 115.60"," 117.41"," 754011"," 885.25"," 7866"," 307572"," 40.79",96,93,45.89,07/15/2020,F
"ABFRL"," EQ"," 14-Jul-2020"," 120.20"," 120.50"," 120.50"," 117.25"," 118.45"," 118.45"," 118.32"," 937758"," 1109.56"," 11892"," 379571"," 40.48",79,92,46.25,07/14/2020,F
"ABFRL"," EQ"," 13-Jul-2020"," 121.15"," 122.20"," 122.50"," 119.30"," 120.10"," 120.20"," 120.46"," 1405102"," 1692.59"," 17097"," 553040"," 39.36",82,92,46.34,07/13/2020,F
"ABFRL"," EQ"," 10-Jul-2020"," 123.80"," 124.50"," 124.80"," 120.60"," 121.45"," 121.15"," 122.19"," 1919785"," 2345.86"," 17980"," 789156"," 41.11",107,92,46.46,07/10/2020,F
"ABFRL"," EQ"," 09-Jul-2020"," 121.75"," 122.75"," 124.95"," 122.25"," 123.95"," 123.80"," 123.70"," 1709099"," 2114.19"," 15569"," 681083"," 39.85",110,92,46.55,07/09/2020,F
"ABFRL"," EQ"," 08-Jul-2020"," 126.45"," 126.65"," 127.70"," 121.25"," 122.00"," 121.75"," 123.42"," 2472865"," 3052.11"," 37835"," 1337297"," 54.08",65,91,47.03,07/08/2020,F
"ABFRL"," EQ"," 07-Jul-2020"," 127.50"," 127.50"," 130.75"," 125.50"," 126.40"," 126.45"," 128.48"," 2867399"," 3684.11"," 33438"," 1363031"," 47.54",86,91,46.94,07/07/2020,F
"ABFRL"," EQ"," 06-Jul-2020"," 120.60"," 122.00"," 128.50"," 120.15"," 127.00"," 127.50"," 124.79"," 3682214"," 4595.08"," 47327"," 1674118"," 45.46",78,93,47.50,07/06/2020,F
"ABFRL"," EQ"," 03-Jul-2020"," 122.75"," 123.00"," 123.75"," 120.00"," 120.55"," 120.60"," 122.00"," 1252747"," 1528.36"," 23031"," 715477"," 57.11",54,93,47.54,07/03/2020,F
"ABFRL"," EQ"," 02-Jul-2020"," 123.80"," 125.10"," 125.10"," 122.30"," 122.70"," 122.75"," 123.32"," 1070272"," 1319.88"," 23804"," 551425"," 51.52",45,92,47.46,07/02/2020,F
"ABFRL"," EQ"," 01-Jul-2020"," 125.30"," 125.50"," 126.25"," 123.05"," 123.80"," 123.80"," 124.33"," 878487"," 1092.22"," 19172"," 425536"," 48.44",46,93,47.39,07/01/2020,F
"ABFRL"," EQ"," 30-Jun-2020"," 127.40"," 128.40"," 130.20"," 124.45"," 125.00"," 125.30"," 127.12"," 1020365"," 1297.07"," 22331"," 476058"," 46.66",46,94,47.92,06/30/2020,F
"ABFRL"," EQ"," 29-Jun-2020"," 129.30"," 129.00"," 130.95"," 125.00"," 129.50"," 127.40"," 126.85"," 2024638"," 2568.28"," 33286"," 1069549"," 52.83",61,95,48.15,06/29/2020,F
"ABFRL"," EQ"," 26-Jun-2020"," 129.90"," 132.00"," 132.90"," 128.60"," 129.00"," 129.30"," 130.71"," 1854568"," 2424.12"," 16727"," 800118"," 43.14",111,95,48.35,06/26/2020,F
"ABFRL"," EQ"," 25-Jun-2020"," 130.25"," 130.50"," 132.75"," 129.00"," 129.50"," 129.90"," 130.58"," 2098214"," 2739.78"," 24032"," 874636"," 41.68",87,93,48.47,06/25/2020,F
"ABFRL"," EQ"," 24-Jun-2020"," 136.90"," 139.45"," 139.70"," 128.10"," 131.30"," 130.25"," 134.44"," 3534906"," 4752.44"," 32354"," 1632222"," 46.17",109,92,48.76,06/24/2020,F
"ABFRL"," EQ"," 23-Jun-2020"," 133.15"," 133.95"," 139.10"," 131.70"," 137.20"," 136.90"," 135.12"," 3215540"," 4344.78"," 31778"," 1198766"," 37.28",101,91,48.76,06/23/2020,F
"ABFRL"," EQ"," 22-Jun-2020"," 133.10"," 135.40"," 135.45"," 132.50"," 132.85"," 133.15"," 133.60"," 2145769"," 2866.68"," 26324"," 1029449"," 47.98",82,90,49.43,06/22/2020,F
"ABFRL"," EQ"," 19-Jun-2020"," 133.70"," 135.80"," 136.90"," 132.00"," 132.75"," 133.10"," 133.59"," 2070948"," 2766.52"," 27932"," 938965"," 45.34",74,89,49.59,06/19/2020,F
"ABFRL"," EQ"," 18-Jun-2020"," 133.85"," 131.60"," 135.90"," 131.50"," 134.20"," 133.70"," 133.60"," 1673571"," 2235.93"," 17098"," 408179"," 24.39",98,89,49.87,06/18/2020,F
"ABFRL"," EQ"," 17-Jun-2020"," 134.40"," 133.00"," 138.20"," 131.50"," 133.80"," 133.85"," 134.42"," 1521273"," 2044.82"," 13928"," 358227"," 23.55",109,88,50.77,06/17/2020,F
"ABFRL"," EQ"," 16-Jun-2020"," 139.65"," 143.00"," 143.80"," 130.20"," 134.20"," 134.40"," 136.59"," 2569970"," 3510.32"," 22185"," 712181"," 27.71",116,87,51.65,06/16/2020,F
"ABFRL"," EQ"," 15-Jun-2020"," 139.35"," 139.40"," 148.60"," 137.90"," 139.30"," 139.65"," 143.73"," 7103279"," 10209.80"," 69083"," 2123443"," 29.89",103,86,52.24,06/15/2020,F
"ABFRL"," EQ"," 12-Jun-2020"," 129.85"," 120.25"," 141.00"," 120.10"," 139.00"," 139.35"," 134.00"," 3277298"," 4391.53"," 25551"," 1299816"," 39.66",128,85,53.02,06/12/2020,F
"ABFRL"," EQ"," 11-Jun-2020"," 129.40"," 127.20"," 134.45"," 127.00"," 129.50"," 129.85"," 131.63"," 1814479"," 2388.39"," 20261"," 570930"," 31.47",90,84,53.53,06/11/2020,F
"ABFRL"," EQ"," 10-Jun-2020"," 132.30"," 131.00"," 132.70"," 125.70"," 130.65"," 129.40"," 130.43"," 1324393"," 1727.39"," 13398"," 574801"," 43.40",99,83,54.13,06/10/2020,F
"ABFRL"," EQ"," 09-Jun-2020"," 139.60"," 141.90"," 141.90"," 130.35"," 131.80"," 132.30"," 135.84"," 1576202"," 2141.16"," 15810"," 585141"," 37.12",100,82,54.69,06/09/2020,F
"ABFRL"," EQ"," 08-Jun-2020"," 138.85"," 143.95"," 145.00"," 136.15"," 140.70"," 139.60"," 141.55"," 3045856"," 4311.47"," 28073"," 1227105"," 40.29",108,82,55.00,06/08/2020,F
"ABFRL"," EQ"," 05-Jun-2020"," 125.00"," 130.00"," 143.00"," 126.50"," 137.95"," 138.85"," 134.86"," 6512206"," 8782.14"," 46461"," 1452044"," 22.30",140,81,55.78,06/05/2020,F
"ABFRL"," EQ"," 04-Jun-2020"," 130.25"," 131.00"," 132.00"," 123.30"," 125.20"," 125.00"," 126.40"," 1632491"," 2063.42"," 17631"," 643376"," 39.41",93,79,56.40,06/04/2020,F
"ABFRL"," EQ"," 03-Jun-2020"," 130.70"," 134.10"," 134.80"," 128.60"," 130.60"," 130.25"," 132.35"," 2182682"," 2888.82"," 18169"," 804187"," 36.84",120,78,56.69,06/03/2020,F
"ABFRL"," EQ"," 02-Jun-2020"," 130.60"," 131.90"," 136.40"," 130.00"," 131.45"," 130.70"," 132.66"," 3238768"," 4296.42"," 32689"," 1223558"," 37.78",99,77,57.40,06/02/2020,F
"ABFRL"," EQ"," 01-Jun-2020"," 119.90"," 128.00"," 132.00"," 124.35"," 131.00"," 130.60"," 129.50"," 5328757"," 6900.57"," 48228"," 1849207"," 34.70",110,76,57.77,06/01/2020,F
"ABFRL"," EQ"," 29-May-2020"," 118.30"," 118.95"," 125.00"," 118.00"," 119.40"," 119.90"," 121.06"," 4201434"," 5086.45"," 27290"," 1729064"," 41.15",154,75,58.36,05/29/2020,F
"ABFRL"," EQ"," 28-May-2020"," 108.05"," 106.00"," 119.50"," 101.55"," 119.00"," 118.30"," 111.99"," 7084073"," 7933.53"," 58029"," 2106746"," 29.74",122,73,58.96,05/28/2020,F
"ABFRL"," EQ"," 27-May-2020"," 108.75"," 109.00"," 110.45"," 106.00"," 108.05"," 108.05"," 107.78"," 913124"," 984.17"," 11220"," 336031"," 36.80",81,71,59.28,05/27/2020,F
"ABFRL"," EQ"," 26-May-2020"," 111.15"," 111.95"," 112.90"," 107.35"," 108.30"," 108.75"," 109.55"," 1629138"," 1784.80"," 16975"," 987168"," 60.59",96,70,59.64,05/26/2020,T
"ABFRL"," EQ"," 22-May-2020"," 112.10"," 111.50"," 117.20"," 108.10"," 110.45"," 111.15"," 111.87"," 3112451"," 3481.88"," 33280"," 866421"," 27.84",94,69,59.84,05/22/2020,F
"ABFRL"," EQ"," 21-May-2020"," 103.05"," 104.00"," 113.40"," 103.05"," 112.70"," 112.10"," 109.53"," 4239240"," 4643.06"," 35438"," 1134352"," 26.76",120,69,60.40,05/21/2020,F
"ABFRL"," EQ"," 20-May-2020"," 103.15"," 104.00"," 105.80"," 102.00"," 102.70"," 103.05"," 104.06"," 1206934"," 1255.97"," 12993"," 322824"," 26.75",93,67,60.86,05/20/2020,F
"ABFRL"," EQ"," 19-May-2020"," 100.00"," 102.90"," 104.50"," 98.90"," 103.95"," 103.15"," 101.70"," 1977054"," 2010.58"," 20195"," 1153971"," 58.37",98,67,61.47,05/19/2020,F
"ABFRL"," EQ"," 18-May-2020"," 104.10"," 105.20"," 105.35"," 99.50"," 100.15"," 100.00"," 100.34"," 1248805"," 1253.03"," 26663"," 771784"," 61.80",47,65,61.46,05/18/2020,F
"ABFRL"," EQ"," 15-May-2020"," 102.95"," 104.90"," 106.40"," 101.60"," 104.20"," 104.10"," 104.45"," 1427120"," 1490.62"," 19894"," 668023"," 46.81",72,65,61.16,05/15/2020,F
"ABFRL"," EQ"," 14-May-2020"," 107.30"," 106.10"," 107.00"," 101.20"," 103.20"," 102.95"," 103.33"," 4388593"," 4534.66"," 17749"," 3537298"," 80.60",247,65,61.34,05/14/2020,T
"ABFRL"," EQ"," 13-May-2020"," 104.00"," 108.20"," 111.70"," 105.60"," 108.05"," 107.30"," 108.05"," 1388772"," 1500.51"," 17053"," 449815"," 32.39",81,62,60.78,05/13/2020,F
"ABFRL"," EQ"," 12-May-2020"," 105.65"," 105.50"," 106.00"," 101.75"," 104.50"," 104.00"," 103.39"," 1624133"," 1679.20"," 15254"," 959411"," 59.07",106,62,61.49,05/12/2020,F
"ABFRL"," EQ"," 11-May-2020"," 106.85"," 106.95"," 109.20"," 105.00"," 105.15"," 105.65"," 106.46"," 695547"," 740.46"," 10857"," 241081"," 34.66",64,61,61.27,05/11/2020,F
"ABFRL"," EQ"," 08-May-2020"," 110.80"," 112.50"," 112.85"," 105.50"," 106.95"," 106.85"," 108.70"," 761088"," 827.27"," 9315"," 267535"," 35.15",82,62,61.85,05/08/2020,F
"ABFRL"," EQ"," 07-May-2020"," 110.50"," 111.00"," 115.70"," 110.00"," 110.15"," 110.80"," 112.78"," 2250656"," 2538.37"," 26694"," 421491"," 18.73",84,62,62.33,05/07/2020,F
"ABFRL"," EQ"," 06-May-2020"," 107.10"," 106.00"," 113.40"," 97.00"," 111.30"," 110.50"," 105.83"," 5983798"," 6332.46"," 79116"," 1680499"," 28.08",76,62,62.76,05/06/2020,F
"ABFRL"," EQ"," 05-May-2020"," 109.10"," 111.80"," 112.80"," 106.70"," 107.40"," 107.10"," 108.39"," 1207674"," 1309.05"," 17763"," 512002"," 42.40",68,62,63.56,05/05/2020,F
"ABFRL"," EQ"," 04-May-2020"," 115.60"," 114.00"," 115.00"," 107.80"," 110.35"," 109.10"," 110.79"," 1979857"," 2193.54"," 31324"," 1172020"," 59.20",63,62,64.21,05/04/2020,F
"ABFRL"," EQ"," 30-Apr-2020"," 112.00"," 112.85"," 126.00"," 112.20"," 115.85"," 115.60"," 120.38"," 7529919"," 9064.51"," 49987"," 4363158"," 57.94",151,61,63.83,04/30/2020,F
"ABFRL"," EQ"," 29-Apr-2020"," 115.15"," 115.15"," 115.80"," 111.50"," 112.00"," 112.00"," 112.38"," 1661713"," 1867.40"," 31534"," 1105177"," 66.51",53,59,63.80,04/29/2020,F
"ABFRL"," EQ"," 28-Apr-2020"," 115.95"," 115.95"," 118.00"," 114.75"," 115.10"," 115.15"," 115.61"," 1959403"," 2265.30"," 11106"," 1528998"," 78.03",176,59,63.61,04/28/2020,T
"ABFRL"," EQ"," 27-Apr-2020"," 119.80"," 123.40"," 123.40"," 115.20"," 115.95"," 115.95"," 117.15"," 1088209"," 1274.81"," 25251"," 496521"," 45.63",43,57,63.34,04/27/2020,F
"ABFRL"," EQ"," 24-Apr-2020"," 123.95"," 124.70"," 127.70"," 119.25"," 120.00"," 119.80"," 121.50"," 1145092"," 1391.26"," 11273"," 797526"," 69.65",102,56,63.65,04/24/2020,T
"ABFRL"," EQ"," 23-Apr-2020"," 121.95"," 123.00"," 127.95"," 122.65"," 124.95"," 123.95"," 125.30"," 2865342"," 3590.36"," 21118"," 2508925"," 87.56",136,55,63.62,04/23/2020,T
"ABFRL"," EQ"," 22-Apr-2020"," 127.75"," 127.75"," 131.95"," 121.20"," 121.95"," 121.95"," 123.79"," 1927087"," 2385.50"," 25474"," 1290323"," 66.96",76,53,62.91,04/22/2020,T
"ABFRL"," EQ"," 21-Apr-2020"," 139.70"," 138.90"," 138.95"," 125.05"," 126.45"," 127.75"," 132.17"," 1065648"," 1408.48"," 22333"," 719353"," 67.50",48,53,62.71,04/21/2020,F
"ABFRL"," EQ"," 20-Apr-2020"," 142.90"," 146.95"," 147.00"," 139.15"," 139.75"," 139.70"," 141.61"," 896147"," 1269.05"," 17149"," 583709"," 65.14",52,52,62.52,04/20/2020,F
"ABFRL"," EQ"," 17-Apr-2020"," 138.90"," 144.00"," 145.50"," 141.00"," 142.75"," 142.90"," 142.65"," 1222350"," 1743.67"," 34955"," 815620"," 66.73",35,53,62.62,04/17/2020,F
"ABFRL"," EQ"," 16-Apr-2020"," 145.60"," 145.65"," 146.35"," 138.15"," 138.50"," 138.90"," 140.21"," 1956057"," 2742.55"," 24058"," 1514166"," 77.41",81,53,62.46,04/16/2020,T
"ABFRL"," EQ"," 15-Apr-2020"," 145.55"," 148.00"," 153.50"," 142.50"," 144.80"," 145.60"," 149.38"," 1227603"," 1833.79"," 24447"," 777641"," 63.35",50,52,62.14,04/15/2020,F
"ABFRL"," EQ"," 09-Apr-2020"," 149.00"," 151.90"," 152.30"," 148.10"," 148.95"," 149.20"," 149.53"," 607513"," 908.42"," 9912"," 418862"," 68.95",61,51,61.37,04/09/2020,T
"ABFRL"," EQ"," 08-Apr-2020"," 149.85"," 148.00"," 152.80"," 146.75"," 148.00"," 149.00"," 149.90"," 416099"," 623.72"," 10148"," 201216"," 48.36",41,51,61.23,04/08/2020,F
"ABFRL"," EQ"," 07-Apr-2020"," 145.95"," 152.00"," 152.70"," 146.15"," 148.00"," 149.85"," 148.44"," 1653733"," 2454.77"," 8437"," 1347043"," 81.45",196,51,61.49,04/07/2020,T
"ABFRL"," EQ"," 03-Apr-2020"," 149.55"," 149.00"," 149.00"," 142.00"," 146.30"," 145.95"," 144.53"," 431692"," 623.93"," 15174"," 226892"," 52.56",28,48,61.28,04/03/2020,F
"ABFRL"," EQ"," 01-Apr-2020"," 152.90"," 153.00"," 154.35"," 147.05"," 148.55"," 149.55"," 149.91"," 1012321"," 1517.52"," 14675"," 798436"," 78.87",69,49,61.14,04/01/2020,T
"ABFRL"," EQ"," 31-Mar-2020"," 159.30"," 162.90"," 162.90"," 151.20"," 152.10"," 152.90"," 154.05"," 2035651"," 3136.00"," 18554"," 1222357"," 60.05",110,49,60.42,03/31/2020,F
"ABFRL"," EQ"," 30-Mar-2020"," 167.10"," 166.50"," 166.50"," 153.00"," 157.20"," 159.30"," 157.28"," 1122237"," 1765.07"," 20054"," 725162"," 64.62",56,48,60.42,03/30/2020,T
"ABFRL"," EQ"," 27-Mar-2020"," 169.75"," 171.10"," 175.15"," 160.30"," 168.80"," 167.10"," 166.34"," 542814"," 902.89"," 16166"," 273534"," 50.39",34,48,60.36,03/27/2020,F
"ABFRL"," EQ"," 26-Mar-2020"," 170.95"," 172.90"," 174.35"," 158.15"," 167.90"," 169.75"," 167.02"," 1303997"," 2177.96"," 46436"," 758602"," 58.18",28,48,60.52,03/26/2020,F
"ABFRL"," EQ"," 25-Mar-2020"," 170.00"," 170.00"," 179.15"," 162.00"," 171.90"," 170.95"," 172.07"," 290958"," 500.65"," 7673"," 135307"," 46.50",38,48,60.56,03/25/2020,F
"ABFRL"," EQ"," 24-Mar-2020"," 160.45"," 163.00"," 175.00"," 149.55"," 170.00"," 170.00"," 164.83"," 1225103"," 2019.34"," 36284"," 928867"," 75.82",34,48,60.80,03/24/2020,F
"ABFRL"," EQ"," 23-Mar-2020"," 186.35"," 168.00"," 177.65"," 154.15"," 160.00"," 160.45"," 165.46"," 492805"," 815.42"," 13946"," 283660"," 57.56",35,49,60.54,03/23/2020,F
"ABFRL"," EQ"," 20-Mar-2020"," 181.65"," 178.50"," 188.65"," 174.20"," 182.60"," 186.35"," 182.41"," 936613"," 1708.47"," 19183"," 576137"," 61.51",49,49,60.59,03/20/2020,F
"ABFRL"," EQ"," 19-Mar-2020"," 184.70"," 175.00"," 187.00"," 160.60"," 174.85"," 181.65"," 173.07"," 2005915"," 3471.55"," 36768"," 1533347"," 76.44",55,49,60.57,03/19/2020,T
"ABFRL"," EQ"," 18-Mar-2020"," 209.25"," 207.20"," 212.05"," 180.00"," 183.00"," 184.70"," 190.32"," 1265625"," 2408.72"," 19392"," 944414"," 74.62",65,49,60.28,03/18/2020,T
"ABFRL"," EQ"," 17-Mar-2020"," 204.10"," 205.00"," 213.80"," 204.00"," 207.55"," 209.25"," 209.80"," 393450"," 825.45"," 8079"," 242636"," 61.67",49,48,60.02,03/17/2020,T
"ABFRL"," EQ"," 16-Mar-2020"," 227.00"," 217.20"," 226.40"," 195.65"," 210.00"," 204.10"," 218.48"," 2077253"," 4538.35"," 42128"," 1567811"," 75.48",49,48,59.99,03/16/2020,T
"ABFRL"," EQ"," 13-Mar-2020"," 223.85"," 193.95"," 236.95"," 193.95"," 231.40"," 227.00"," 221.33"," 1280855"," 2834.95"," 18575"," 888339"," 69.36",69,48,59.69,03/13/2020,T
"ABFRL"," EQ"," 12-Mar-2020"," 235.30"," 225.60"," 230.00"," 213.55"," 225.00"," 223.85"," 221.38"," 1057559"," 2341.19"," 31019"," 700464"," 66.23",34,48,59.50,03/12/2020,F
"ABFRL"," EQ"," 11-Mar-2020"," 241.80"," 241.80"," 247.40"," 232.25"," 235.60"," 235.30"," 240.45"," 672301"," 1616.58"," 11461"," 508450"," 75.63",59,48,59.37,03/11/2020,T
"ABFRL"," EQ"," 09-Mar-2020"," 248.95"," 230.00"," 244.70"," 230.00"," 242.00"," 241.80"," 240.47"," 2010035"," 4833.52"," 47570"," 1701604"," 84.66",42,48,59.03,03/09/2020,F
"ABFRL"," EQ"," 06-Mar-2020"," 252.45"," 236.20"," 251.95"," 236.20"," 250.00"," 248.95"," 248.29"," 548888"," 1362.86"," 22728"," 316610"," 57.68",24,48,58.50,03/06/2020,F
"ABFRL"," EQ"," 05-Mar-2020"," 250.15"," 251.65"," 255.20"," 249.00"," 252.75"," 252.45"," 252.26"," 253270"," 638.89"," 6598"," 141690"," 55.94",38,49,58.52,03/05/2020,F
"ABFRL"," EQ"," 04-Mar-2020"," 254.25"," 256.00"," 259.65"," 243.30"," 249.40"," 250.15"," 250.34"," 1781283"," 4459.26"," 26510"," 1375396"," 77.21",67,49,58.57,03/04/2020,T
"ABFRL"," EQ"," 03-Mar-2020"," 238.00"," 243.90"," 260.00"," 239.00"," 259.05"," 254.25"," 252.34"," 1112115"," 2806.28"," 34062"," 655000"," 58.90",33,49,58.16,03/03/2020,F
"ABFRL"," EQ"," 02-Mar-2020"," 251.40"," 252.10"," 260.00"," 234.55"," 240.65"," 238.00"," 245.88"," 666569"," 1638.97"," 18442"," 455620"," 68.35",36,49,58.14,03/02/2020,F
"ABFRL"," EQ"," 28-Feb-2020"," 261.80"," 255.90"," 260.50"," 250.00"," 252.00"," 251.40"," 255.15"," 1266990"," 3232.68"," 29367"," 959359"," 75.72",43,49,57.91,02/28/2020,F
"ABFRL"," EQ"," 27-Feb-2020"," 262.40"," 263.00"," 266.85"," 254.75"," 260.00"," 261.80"," 261.55"," 648920"," 1697.26"," 17590"," 311786"," 48.05",37,49,57.48,02/27/2020,F
"ABFRL"," EQ"," 26-Feb-2020"," 267.30"," 266.50"," 266.50"," 260.00"," 263.00"," 262.40"," 262.69"," 605177"," 1589.73"," 25776"," 344257"," 56.89",23,50,57.71,02/26/2020,F
"ABFRL"," EQ"," 25-Feb-2020"," 278.25"," 276.45"," 283.70"," 264.60"," 266.00"," 267.30"," 275.84"," 846284"," 2334.35"," 15368"," 568443"," 67.17",55,50,57.73,02/25/2020,T
"ABFRL"," EQ"," 24-Feb-2020"," 278.25"," 275.80"," 285.50"," 272.05"," 279.80"," 278.25"," 281.24"," 948980"," 2668.91"," 18374"," 616182"," 64.93",52,50,57.49,02/24/2020,T
"ABFRL"," EQ"," 20-Feb-2020"," 274.20"," 273.25"," 283.80"," 271.10"," 278.00"," 278.25"," 279.07"," 1166552"," 3255.48"," 27870"," 618888"," 53.05",42,50,57.29,02/20/2020,F
"ABFRL"," EQ"," 19-Feb-2020"," 261.85"," 263.50"," 275.00"," 262.10"," 273.50"," 274.20"," 268.68"," 1154122"," 3100.91"," 21055"," 708744"," 61.41",55,50,57.41,02/19/2020,T
"ABFRL"," EQ"," 18-Feb-2020"," 265.10"," 265.90"," 271.00"," 259.00"," 262.80"," 261.85"," 264.33"," 671222"," 1774.21"," 26323"," 388932"," 57.94",25,50,57.30,02/18/2020,F
"ABFRL"," EQ"," 17-Feb-2020"," 265.50"," 264.70"," 267.40"," 254.00"," 265.90"," 265.10"," 261.89"," 567062"," 1485.06"," 15909"," 253261"," 44.66",36,51,57.28,02/17/2020,F
"ABFRL"," EQ"," 14-Feb-2020"," 275.95"," 275.80"," 277.70"," 263.45"," 264.50"," 265.50"," 268.59"," 803676"," 2158.62"," 13646"," 455878"," 56.72",59,51,57.65,02/14/2020,F
"ABFRL"," EQ"," 13-Feb-2020"," 269.30"," 267.55"," 281.35"," 265.00"," 275.80"," 275.95"," 276.15"," 1217941"," 3363.30"," 18900"," 594522"," 48.81",64,51,57.68,02/13/2020,F
"ABFRL"," EQ"," 12-Feb-2020"," 272.45"," 273.00"," 277.00"," 268.55"," 268.90"," 269.30"," 271.20"," 1674387"," 4541.01"," 15992"," 1221878"," 72.97",105,51,57.96,02/12/2020,T
"ABFRL"," EQ"," 11-Feb-2020"," 259.00"," 261.60"," 275.70"," 260.50"," 272.60"," 272.45"," 270.94"," 1566343"," 4243.81"," 28854"," 724987"," 46.29",54,49,57.47,02/11/2020,F
"ABFRL"," EQ"," 10-Feb-2020"," 260.95"," 262.30"," 262.30"," 250.40"," 258.50"," 259.00"," 257.80"," 1023497"," 2638.57"," 8920"," 697244"," 68.12",115,49,57.84,02/10/2020,T
"ABFRL"," EQ"," 07-Feb-2020"," 254.35"," 253.90"," 263.95"," 251.00"," 260.40"," 260.95"," 259.97"," 2103438"," 5468.37"," 28364"," 1305770"," 62.08",74,47,57.49,02/07/2020,T
"ABFRL"," EQ"," 06-Feb-2020"," 238.65"," 239.50"," 261.00"," 232.00"," 256.40"," 254.35"," 249.23"," 3115912"," 7765.85"," 39090"," 1359536"," 43.63",80,46,57.33,02/06/2020,F
"ABFRL"," EQ"," 05-Feb-2020"," 229.65"," 228.70"," 247.80"," 227.80"," 238.10"," 238.65"," 234.01"," 2147274"," 5024.93"," 26922"," 1579237"," 73.55",80,44,57.83,02/05/2020,T
"ABFRL"," EQ"," 04-Feb-2020"," 230.00"," 231.00"," 232.40"," 227.50"," 228.00"," 229.65"," 229.57"," 506335"," 1162.38"," 7123"," 401733"," 79.34",71,43,57.23,02/04/2020,T
"ABFRL"," EQ"," 03-Feb-2020"," 232.65"," 230.00"," 232.60"," 224.20"," 230.50"," 230.00"," 226.20"," 407440"," 921.62"," 5718"," 324330"," 79.60",71,42,56.34,02/03/2020,T
"ABFRL"," EQ"," 01-Feb-2020"," 233.65"," 231.00"," 235.65"," 223.35"," 230.30"," 232.65"," 231.30"," 259370"," 599.92"," 6775"," 103645"," 39.96",38,41,55.37,02/01/2020,F
"ABFRL"," EQ"," 31-Jan-2020"," 229.65"," 230.05"," 235.20"," 227.60"," 234.00"," 233.65"," 232.92"," 271489"," 632.36"," 7205"," 124659"," 45.92",38,41,56.04,01/31/2020,F
"ABFRL"," EQ"," 30-Jan-2020"," 228.10"," 228.10"," 231.60"," 226.20"," 229.60"," 229.65"," 229.48"," 190362"," 436.84"," 6811"," 106479"," 55.94",28,41,56.51,01/30/2020,F
"ABFRL"," EQ"," 29-Jan-2020"," 228.70"," 229.80"," 232.00"," 227.10"," 228.50"," 228.10"," 229.47"," 172507"," 395.85"," 4040"," 95671"," 55.46",43,41,56.53,01/29/2020,F
"ABFRL"," EQ"," 28-Jan-2020"," 234.25"," 234.00"," 235.10"," 227.10"," 229.00"," 228.70"," 230.18"," 363061"," 835.71"," 14793"," 225503"," 62.11",25,41,56.59,01/28/2020,F
"ABFRL"," EQ"," 27-Jan-2020"," 234.85"," 232.90"," 237.00"," 232.05"," 233.25"," 234.25"," 235.59"," 268181"," 631.80"," 12382"," 170727"," 63.66",22,42,56.29,01/27/2020,F
"ABFRL"," EQ"," 24-Jan-2020"," 233.80"," 234.00"," 237.30"," 231.20"," 234.80"," 234.85"," 234.17"," 502580"," 1176.88"," 13283"," 340322"," 67.71",38,43,55.89,01/24/2020,F
"ABFRL"," EQ"," 23-Jan-2020"," 234.70"," 235.80"," 241.00"," 231.95"," 233.10"," 233.80"," 237.36"," 344297"," 817.22"," 7976"," 158761"," 46.11",43,44,55.19,01/23/2020,F
"ABFRL"," EQ"," 22-Jan-2020"," 229.40"," 234.00"," 237.00"," 230.30"," 236.20"," 234.70"," 233.15"," 277057"," 645.95"," 11570"," 153042"," 55.24",24,44,55.76,01/22/2020,F
"ABFRL"," EQ"," 21-Jan-2020"," 230.95"," 231.90"," 233.75"," 229.00"," 229.15"," 229.40"," 230.91"," 186185"," 429.92"," 4802"," 104196"," 55.96",39,45,55.79,01/21/2020,F
"ABFRL"," EQ"," 20-Jan-2020"," 235.70"," 234.05"," 237.35"," 230.00"," 231.00"," 230.95"," 232.46"," 426617"," 991.71"," 6577"," 302119"," 70.82",65,46,55.78,01/20/2020,T
"ABFRL"," EQ"," 17-Jan-2020"," 237.80"," 238.00"," 239.55"," 233.00"," 233.05"," 235.70"," 236.10"," 297007"," 701.23"," 9597"," 170548"," 57.42",31,44,54.62,01/17/2020,F
"ABFRL"," EQ"," 16-Jan-2020"," 230.85"," 231.05"," 239.00"," 231.05"," 238.00"," 237.80"," 235.23"," 464313"," 1092.21"," 11668"," 273739"," 58.96",40,45,54.39,01/16/2020,F
"ABFRL"," EQ"," 15-Jan-2020"," 232.75"," 230.40"," 237.00"," 229.00"," 230.40"," 230.85"," 232.24"," 548509"," 1273.87"," 8406"," 185863"," 33.89",65,46,53.97,01/15/2020,F
"ABFRL"," EQ"," 14-Jan-2020"," 230.05"," 230.10"," 234.90"," 230.10"," 232.15"," 232.75"," 233.04"," 139700"," 325.56"," 5324"," 80225"," 57.43",26,44,55.98,01/14/2020,F
"ABFRL"," EQ"," 13-Jan-2020"," 233.75"," 235.60"," 237.00"," 229.10"," 230.00"," 230.05"," 232.58"," 280234"," 651.78"," 7674"," 143589"," 51.24",37,46,55.82,01/13/2020,F
"ABFRL"," EQ"," 10-Jan-2020"," 239.85"," 239.10"," 244.70"," 233.05"," 233.05"," 233.75"," 238.07"," 354906"," 844.94"," 9221"," 210511"," 59.31",38,47,56.40,01/10/2020,F
"ABFRL"," EQ"," 09-Jan-2020"," 236.10"," 237.15"," 244.55"," 237.15"," 237.70"," 239.85"," 242.42"," 655948"," 1590.16"," 12453"," 395505"," 60.30",53,48,55.98,01/09/2020,T
"ABFRL"," EQ"," 08-Jan-2020"," 232.35"," 231.70"," 237.20"," 228.10"," 235.00"," 236.10"," 234.43"," 516533"," 1210.92"," 16988"," 332752"," 64.42",30,47,55.26,01/08/2020,F
"ABFRL"," EQ"," 07-Jan-2020"," 234.40"," 239.95"," 239.95"," 230.25"," 230.25"," 232.35"," 233.50"," 303954"," 709.74"," 6861"," 178284"," 58.65",44,51,53.43,01/07/2020,F
"ABFRL"," EQ"," 06-Jan-2020"," 239.90"," 239.80"," 239.80"," 232.50"," 238.80"," 234.40"," 234.78"," 315461"," 740.63"," 7412"," 224553"," 71.18",43,52,52.12,01/06/2020,F
"ABFRL"," EQ"," 03-Jan-2020"," 240.90"," 239.00"," 243.95"," 237.65"," 239.70"," 239.90"," 240.30"," 336401"," 808.38"," 10554"," 149339"," 44.39",32,55,45.77,01/03/2020,F
"ABFRL"," EQ"," 02-Jan-2020"," 234.10"," 232.65"," 249.70"," 232.60"," 240.65"," 240.90"," 241.16"," 1143769"," 2758.34"," 13585"," 685865"," 59.97",84,67,46.46,01/02/2020,T
"ABFRL"," EQ"," 01-Jan-2020"," 231.70"," 232.90"," 236.85"," 230.15"," 232.85"," 234.10"," 234.57"," 241005"," 565.33"," 4836"," 79395"," 32.94",50,50,32.94,01/01/2020,F
