symbol,series,date1,prev_close,open,high,low,last_price,close,average_pr,tottrades,turnover,numtrades,delivery,volume,action,avgaction,avgdel,date,lottery
"ITC"," EQ"," 16-Mar-2022"," 237.85"," 240.00"," 243.00"," 239.10"," 242.40"," 242.60"," 240.65"," 21629521"," 52051.02"," 132633"," 13145841"," 60.78",163,148,53.15,03/16/2022,T
"ITC"," EQ"," 15-Mar-2022"," 239.00"," 239.00"," 241.40"," 235.90"," 238.20"," 237.85"," 238.48"," 32998305"," 78694.70"," 159184"," 20863422"," 63.23",207,147,52.78,03/15/2022,T
"ITC"," EQ"," 14-Mar-2022"," 236.35"," 236.25"," 239.45"," 235.30"," 239.00"," 239.00"," 237.88"," 35113638"," 83528.04"," 153586"," 22869875"," 65.13",229,146,52.32,03/14/2022,T
"ITC"," EQ"," 11-Mar-2022"," 232.00"," 231.90"," 237.10"," 230.15"," 234.95"," 236.35"," 234.51"," 41699184"," 97788.67"," 194153"," 27730894"," 66.50",215,145,52.00,03/11/2022,T
"ITC"," EQ"," 10-Mar-2022"," 229.25"," 231.00"," 232.50"," 227.85"," 231.45"," 232.00"," 230.14"," 36132245"," 83153.64"," 162038"," 22399679"," 61.99",223,143,51.46,03/10/2022,T
"ITC"," EQ"," 09-Mar-2022"," 226.90"," 227.70"," 231.40"," 226.10"," 229.00"," 229.25"," 228.80"," 42294906"," 96771.36"," 168447"," 29264232"," 69.19",251,143,50.93,03/09/2022,T
"ITC"," EQ"," 08-Mar-2022"," 224.95"," 223.90"," 228.45"," 223.75"," 226.80"," 226.90"," 226.27"," 36036336"," 81540.08"," 198973"," 23514703"," 65.25",181,141,50.50,03/08/2022,T
"ITC"," EQ"," 04-Mar-2022"," 219.40"," 217.70"," 227.40"," 217.00"," 225.00"," 225.50"," 222.66"," 66835736"," 148815.64"," 284871"," 40825247"," 61.08",235,138,50.15,03/04/2022,T
"ITC"," EQ"," 03-Mar-2022"," 215.30"," 216.05"," 220.20"," 216.00"," 219.35"," 219.40"," 218.52"," 28532668"," 62350.44"," 122600"," 18281302"," 64.07",233,136,50.04,03/03/2022,T
"ITC"," EQ"," 02-Mar-2022"," 215.85"," 214.40"," 216.60"," 212.45"," 215.40"," 215.30"," 214.93"," 19295994"," 41471.96"," 129126"," 12215829"," 63.31",149,135,49.83,03/02/2022,T
"ITC"," EQ"," 28-Feb-2022"," 213.95"," 213.20"," 216.45"," 210.80"," 215.90"," 215.85"," 214.43"," 20034633"," 42959.63"," 117869"," 11095663"," 55.38",170,135,49.92,02/28/2022,T
"ITC"," EQ"," 25-Feb-2022"," 208.50"," 211.50"," 216.50"," 210.55"," 214.15"," 213.95"," 214.29"," 23633656"," 50644.43"," 140701"," 13227204"," 55.97",168,134,49.94,02/25/2022,T
"ITC"," EQ"," 24-Feb-2022"," 215.95"," 210.00"," 213.30"," 207.00"," 209.35"," 208.50"," 210.39"," 41341523"," 86977.18"," 223227"," 24141167"," 58.39",185,134,49.91,02/24/2022,T
"ITC"," EQ"," 23-Feb-2022"," 214.85"," 216.80"," 217.50"," 215.05"," 215.75"," 215.95"," 216.53"," 11014283"," 23849.73"," 100185"," 5562794"," 50.51",110,133,49.56,02/23/2022,F
"ITC"," EQ"," 22-Feb-2022"," 218.00"," 215.00"," 216.90"," 213.00"," 214.65"," 214.85"," 214.65"," 25749340"," 55272.06"," 122029"," 17219519"," 66.87",211,133,49.56,02/22/2022,T
"ITC"," EQ"," 21-Feb-2022"," 221.90"," 220.30"," 221.30"," 217.15"," 218.10"," 218.00"," 219.70"," 16129017"," 35435.48"," 97652"," 8814338"," 54.65",165,132,49.17,02/21/2022,T
"ITC"," EQ"," 18-Feb-2022"," 222.65"," 222.65"," 223.45"," 221.50"," 221.75"," 221.90"," 222.40"," 8670947"," 19283.87"," 59314"," 4721478"," 54.45",146,131,48.95,02/18/2022,T
"ITC"," EQ"," 17-Feb-2022"," 222.75"," 223.05"," 224.35"," 220.85"," 222.70"," 222.65"," 222.40"," 14024149"," 31189.65"," 67573"," 7234578"," 51.59",208,131,48.86,02/17/2022,T
"ITC"," EQ"," 16-Feb-2022"," 223.00"," 223.80"," 224.70"," 221.85"," 222.40"," 222.75"," 223.37"," 11231596"," 25087.91"," 79949"," 4791549"," 42.66",140,129,48.53,02/16/2022,F
"ITC"," EQ"," 15-Feb-2022"," 219.45"," 221.00"," 223.50"," 218.55"," 223.10"," 223.00"," 220.98"," 12875311"," 28452.02"," 120496"," 5142512"," 39.94",107,130,48.39,02/15/2022,F
"ITC"," EQ"," 14-Feb-2022"," 232.45"," 226.00"," 226.00"," 218.50"," 219.00"," 219.45"," 222.27"," 22745228"," 50555.34"," 195500"," 11513573"," 50.62",116,131,48.62,02/14/2022,F
"ITC"," EQ"," 11-Feb-2022"," 232.25"," 232.00"," 233.30"," 229.80"," 231.85"," 232.45"," 231.65"," 18096561"," 41921.37"," 103557"," 11334540"," 62.63",175,133,48.68,02/11/2022,T
"ITC"," EQ"," 10-Feb-2022"," 230.15"," 228.70"," 233.40"," 227.75"," 231.50"," 232.25"," 230.53"," 19563580"," 45098.98"," 128409"," 11230132"," 57.40",152,132,48.29,02/10/2022,T
"ITC"," EQ"," 09-Feb-2022"," 231.25"," 232.30"," 233.00"," 228.75"," 230.15"," 230.15"," 230.53"," 11893807"," 27418.57"," 96037"," 5358292"," 45.05",124,131,48.03,02/09/2022,F
"ITC"," EQ"," 08-Feb-2022"," 230.20"," 230.30"," 232.30"," 229.05"," 230.95"," 231.25"," 230.62"," 16201280"," 37363.25"," 117574"," 8911274"," 55.00",138,131,47.87,02/08/2022,T
"ITC"," EQ"," 07-Feb-2022"," 234.30"," 234.00"," 234.75"," 228.50"," 230.35"," 230.20"," 230.77"," 24171083"," 55778.57"," 140323"," 12817471"," 53.03",172,130,47.72,02/07/2022,T
"ITC"," EQ"," 04-Feb-2022"," 234.45"," 237.25"," 238.50"," 231.55"," 233.60"," 234.30"," 235.16"," 56705951"," 133350.87"," 326999"," 24798688"," 43.73",173,129,47.65,02/04/2022,F
"ITC"," EQ"," 03-Feb-2022"," 232.15"," 232.15"," 235.20"," 231.80"," 233.50"," 234.45"," 233.64"," 27845963"," 65059.14"," 192214"," 11700940"," 42.02",145,128,47.71,02/03/2022,F
"ITC"," EQ"," 02-Feb-2022"," 227.75"," 230.00"," 233.30"," 229.00"," 231.85"," 232.15"," 231.53"," 41130638"," 95228.21"," 258107"," 18431221"," 44.81",159,127,47.98,02/02/2022,F
"ITC"," EQ"," 01-Feb-2022"," 220.20"," 221.00"," 228.80"," 219.15"," 227.90"," 227.75"," 224.71"," 43207074"," 97089.29"," 253512"," 16823834"," 38.94",170,127,48.30,02/01/2022,F
"ITC"," EQ"," 31-Jan-2022"," 217.60"," 218.50"," 220.75"," 217.10"," 220.00"," 220.20"," 218.95"," 15039006"," 32928.50"," 147611"," 8322228"," 55.34",102,126,48.45,01/31/2022,F
"ITC"," EQ"," 28-Jan-2022"," 214.60"," 215.10"," 219.25"," 215.10"," 217.50"," 217.60"," 218.12"," 15276991"," 33322.80"," 113395"," 7820587"," 51.19",135,127,48.55,01/28/2022,T
"ITC"," EQ"," 27-Jan-2022"," 214.30"," 211.25"," 215.50"," 211.10"," 215.35"," 214.60"," 213.17"," 23149684"," 49347.70"," 200471"," 14292200"," 61.74",115,127,48.48,01/27/2022,F
"ITC"," EQ"," 25-Jan-2022"," 211.80"," 212.00"," 214.70"," 209.55"," 214.05"," 214.30"," 212.33"," 18322935"," 38904.40"," 172743"," 9607140"," 52.43",106,127,47.94,01/25/2022,F
"ITC"," EQ"," 24-Jan-2022"," 217.05"," 217.05"," 217.75"," 210.90"," 211.65"," 211.80"," 213.40"," 17354942"," 37034.79"," 169142"," 8397788"," 48.39",103,128,47.84,01/24/2022,F
"ITC"," EQ"," 21-Jan-2022"," 218.75"," 218.50"," 220.50"," 216.00"," 217.30"," 217.05"," 218.40"," 16586264"," 36225.22"," 127609"," 8458251"," 51.00",130,128,47.80,01/21/2022,T
"ITC"," EQ"," 20-Jan-2022"," 220.35"," 220.55"," 222.15"," 218.00"," 219.10"," 218.75"," 219.95"," 17329896"," 38117.10"," 131195"," 10992084"," 63.43",132,129,47.75,01/20/2022,T
"ITC"," EQ"," 19-Jan-2022"," 220.75"," 220.75"," 222.40"," 218.70"," 220.40"," 220.35"," 220.28"," 11473796"," 25273.97"," 87833"," 5730573"," 49.94",131,129,47.57,01/19/2022,T
"ITC"," EQ"," 18-Jan-2022"," 224.60"," 224.60"," 227.30"," 220.30"," 220.60"," 220.75"," 223.59"," 14394097"," 32183.54"," 119118"," 6290866"," 43.70",121,130,47.57,01/18/2022,F
"ITC"," EQ"," 17-Jan-2022"," 222.60"," 222.60"," 225.60"," 221.35"," 224.75"," 224.60"," 223.95"," 12318313"," 27587.23"," 86056"," 6318200"," 51.29",143,130,47.53,01/17/2022,T
"ITC"," EQ"," 14-Jan-2022"," 223.95"," 223.95"," 224.80"," 222.30"," 222.90"," 222.60"," 223.49"," 10569725"," 23622.26"," 84726"," 6078505"," 57.51",125,131,47.56,01/14/2022,F
"ITC"," EQ"," 13-Jan-2022"," 222.75"," 223.90"," 225.80"," 222.75"," 223.90"," 223.95"," 223.92"," 11501088"," 25753.30"," 128264"," 5351318"," 46.53",90,131,47.40,01/13/2022,F
"ITC"," EQ"," 12-Jan-2022"," 221.95"," 222.50"," 223.65"," 221.60"," 222.50"," 222.75"," 222.71"," 13158894"," 29306.74"," 89408"," 8382352"," 63.70",147,133,47.32,01/12/2022,T
"ITC"," EQ"," 11-Jan-2022"," 223.30"," 223.35"," 224.25"," 221.20"," 222.00"," 221.95"," 222.43"," 8020695"," 17840.54"," 97475"," 4607116"," 57.44",82,134,47.04,01/11/2022,F
"ITC"," EQ"," 10-Jan-2022"," 218.40"," 219.90"," 224.70"," 218.90"," 223.30"," 223.30"," 222.88"," 15841299"," 35306.80"," 121707"," 6645530"," 41.95",130,135,46.75,01/10/2022,F
"ITC"," EQ"," 07-Jan-2022"," 218.70"," 219.80"," 220.65"," 217.50"," 218.45"," 218.40"," 218.90"," 8855041"," 19383.71"," 81330"," 4486192"," 50.66",109,135,46.83,01/07/2022,F
"ITC"," EQ"," 06-Jan-2022"," 220.55"," 219.00"," 220.40"," 218.20"," 218.75"," 218.70"," 218.75"," 8950589"," 19579.45"," 81908"," 4520748"," 50.51",109,135,46.73,01/06/2022,F
"ITC"," EQ"," 05-Jan-2022"," 220.25"," 219.65"," 221.50"," 218.65"," 220.35"," 220.55"," 220.27"," 11230588"," 24737.73"," 87423"," 4987928"," 44.41",128,135,46.72,01/05/2022,F
"ITC"," EQ"," 04-Jan-2022"," 219.10"," 219.50"," 221.70"," 219.05"," 219.80"," 220.25"," 220.23"," 9050253"," 19931.43"," 74888"," 4546218"," 50.23",121,135,46.92,01/04/2022,F
"ITC"," EQ"," 03-Jan-2022"," 218.05"," 218.05"," 219.85"," 217.05"," 219.10"," 219.10"," 218.68"," 7765495"," 16981.40"," 90982"," 3536174"," 45.54",85,135,46.93,01/03/2022,F
"ITC"," EQ"," 31-Dec-2021"," 216.00"," 216.90"," 218.80"," 216.15"," 218.00"," 218.05"," 217.96"," 7583815"," 16529.97"," 73078"," 3466540"," 45.71",104,135,46.88,12/31/2021,F
"ITC"," EQ"," 30-Dec-2021"," 216.75"," 216.60"," 217.90"," 215.50"," 216.45"," 216.00"," 216.49"," 9741198"," 21088.33"," 81763"," 4763815"," 48.90",119,135,46.81,12/30/2021,F
"ITC"," EQ"," 29-Dec-2021"," 220.05"," 220.00"," 220.30"," 216.30"," 216.60"," 216.75"," 217.75"," 11480954"," 24999.42"," 100463"," 6633405"," 57.78",114,136,46.81,12/29/2021,F
"ITC"," EQ"," 28-Dec-2021"," 217.55"," 218.00"," 220.60"," 218.00"," 219.80"," 220.05"," 219.63"," 11568803"," 25408.15"," 86204"," 6279219"," 54.28",134,136,46.52,12/28/2021,F
"ITC"," EQ"," 27-Dec-2021"," 218.00"," 218.40"," 218.45"," 215.65"," 217.70"," 217.55"," 217.19"," 8153106"," 17707.71"," 77113"," 3553195"," 43.58",106,136,46.31,12/27/2021,F
"ITC"," EQ"," 24-Dec-2021"," 217.30"," 218.00"," 220.45"," 216.45"," 218.00"," 218.00"," 218.36"," 16581585"," 36207.77"," 103848"," 5723522"," 34.52",160,136,46.23,12/24/2021,F
"ITC"," EQ"," 23-Dec-2021"," 212.00"," 213.90"," 218.45"," 213.20"," 217.40"," 217.30"," 216.70"," 22209720"," 48127.39"," 156292"," 9679762"," 43.58",142,136,46.44,12/23/2021,F
"ITC"," EQ"," 22-Dec-2021"," 212.50"," 214.00"," 214.20"," 211.10"," 212.30"," 212.00"," 212.19"," 17239484"," 36580.45"," 129572"," 9878074"," 57.30",133,135,46.48,12/22/2021,F
"ITC"," EQ"," 21-Dec-2021"," 212.40"," 214.00"," 215.45"," 211.05"," 212.50"," 212.50"," 213.34"," 19395604"," 41377.86"," 171292"," 9331569"," 48.11",113,136,46.24,12/21/2021,F
"ITC"," EQ"," 20-Dec-2021"," 217.95"," 216.25"," 216.25"," 209.80"," 212.50"," 212.40"," 212.17"," 37340790"," 79225.23"," 227969"," 19859943"," 53.19",164,137,46.01,12/20/2021,T
"ITC"," EQ"," 17-Dec-2021"," 222.90"," 222.80"," 222.85"," 216.75"," 218.10"," 217.95"," 219.44"," 29683982"," 65137.79"," 191038"," 17892529"," 60.28",155,137,45.70,12/17/2021,T
"ITC"," EQ"," 16-Dec-2021"," 224.05"," 226.00"," 226.15"," 220.80"," 223.40"," 222.90"," 222.54"," 24199205"," 53853.48"," 177983"," 11373986"," 47.00",136,137,45.27,12/16/2021,F
"ITC"," EQ"," 15-Dec-2021"," 228.60"," 230.00"," 232.20"," 223.40"," 223.95"," 224.05"," 226.31"," 34653042"," 78424.93"," 304419"," 13185906"," 38.05",114,138,45.00,12/15/2021,F
"ITC"," EQ"," 14-Dec-2021"," 234.60"," 235.00"," 237.10"," 227.55"," 228.20"," 228.60"," 231.71"," 37508445"," 86912.63"," 228230"," 12976552"," 34.60",164,140,45.48,12/14/2021,F
"ITC"," EQ"," 13-Dec-2021"," 236.10"," 238.00"," 238.75"," 234.15"," 234.70"," 234.60"," 236.45"," 22054342"," 52146.96"," 154806"," 9908604"," 44.93",142,139,45.68,12/13/2021,F
"ITC"," EQ"," 10-Dec-2021"," 235.40"," 236.20"," 238.95"," 233.75"," 235.90"," 236.10"," 236.19"," 35162889"," 83051.16"," 246387"," 11667957"," 33.18",143,139,45.77,12/10/2021,F
"ITC"," EQ"," 09-Dec-2021"," 224.95"," 223.00"," 236.45"," 223.00"," 236.00"," 235.40"," 231.46"," 38241864"," 88512.90"," 216236"," 11266040"," 29.46",177,139,45.98,12/09/2021,F
"ITC"," EQ"," 08-Dec-2021"," 220.65"," 221.00"," 225.65"," 221.00"," 224.70"," 224.95"," 223.46"," 9861847"," 22037.31"," 84237"," 4179653"," 42.38",117,139,46.38,12/08/2021,F
"ITC"," EQ"," 07-Dec-2021"," 217.90"," 218.90"," 221.95"," 218.10"," 220.70"," 220.65"," 219.99"," 8903842"," 19587.38"," 99015"," 3596089"," 40.39",90,140,46.63,12/07/2021,F
"ITC"," EQ"," 06-Dec-2021"," 221.65"," 221.65"," 222.20"," 217.50"," 217.70"," 217.90"," 219.34"," 13138355"," 28818.03"," 132878"," 7003402"," 53.31",99,142,46.70,12/06/2021,F
"ITC"," EQ"," 03-Dec-2021"," 225.45"," 225.00"," 226.20"," 221.35"," 221.50"," 221.65"," 223.15"," 13794647"," 30782.81"," 130988"," 7478145"," 54.21",105,142,46.92,12/03/2021,F
"ITC"," EQ"," 02-Dec-2021"," 221.90"," 221.90"," 226.15"," 221.30"," 225.40"," 225.45"," 223.81"," 15904846"," 35595.87"," 108458"," 8098598"," 50.92",147,143,46.92,12/02/2021,T
"ITC"," EQ"," 01-Dec-2021"," 221.15"," 222.00"," 223.30"," 220.60"," 222.45"," 221.90"," 221.74"," 12995800"," 28816.30"," 88476"," 7655675"," 58.91",147,143,47.03,12/01/2021,T
"ITC"," EQ"," 30-Nov-2021"," 221.50"," 222.00"," 225.20"," 220.00"," 221.70"," 221.15"," 222.37"," 23503453"," 52264.06"," 175420"," 14090658"," 59.95",134,144,47.05,11/30/2021,F
"ITC"," EQ"," 29-Nov-2021"," 224.00"," 222.00"," 223.65"," 220.20"," 221.70"," 221.50"," 221.89"," 22132952"," 49111.71"," 165328"," 12432385"," 56.17",134,146,47.12,11/29/2021,F
"ITC"," EQ"," 26-Nov-2021"," 231.30"," 228.90"," 230.05"," 223.10"," 223.60"," 224.00"," 225.91"," 27027022"," 61055.89"," 245321"," 14680176"," 54.32",110,146,47.20,11/26/2021,F
"ITC"," EQ"," 25-Nov-2021"," 227.70"," 227.00"," 232.20"," 225.75"," 231.75"," 231.30"," 229.18"," 23904846"," 54786.06"," 156605"," 8611244"," 36.02",153,147,47.31,11/25/2021,F
"ITC"," EQ"," 24-Nov-2021"," 231.60"," 232.45"," 232.70"," 226.95"," 227.20"," 227.70"," 230.18"," 14139854"," 32547.08"," 115870"," 7123530"," 50.38",122,147,47.64,11/24/2021,F
"ITC"," EQ"," 23-Nov-2021"," 230.90"," 229.15"," 232.70"," 229.15"," 231.60"," 231.60"," 231.58"," 13433385"," 31109.01"," 108687"," 5619040"," 41.83",124,148,47.72,11/23/2021,F
"ITC"," EQ"," 22-Nov-2021"," 237.50"," 237.90"," 240.75"," 229.55"," 230.65"," 230.90"," 234.65"," 22574227"," 52971.54"," 208402"," 9151955"," 40.54",108,148,47.89,11/22/2021,F
"ITC"," EQ"," 18-Nov-2021"," 239.50"," 240.00"," 243.00"," 236.30"," 237.65"," 237.50"," 239.33"," 20226071"," 48407.31"," 155791"," 6235411"," 30.83",130,148,47.79,11/18/2021,F
"ITC"," EQ"," 17-Nov-2021"," 235.45"," 236.00"," 245.25"," 235.65"," 239.30"," 239.50"," 240.97"," 46697822"," 112529.01"," 246949"," 15742715"," 33.71",189,149,48.06,11/17/2021,F
"ITC"," EQ"," 16-Nov-2021"," 238.10"," 239.05"," 239.65"," 235.00"," 235.25"," 235.45"," 237.36"," 14675969"," 34834.63"," 97861"," 7990381"," 54.45",150,148,48.21,11/16/2021,T
"ITC"," EQ"," 15-Nov-2021"," 232.90"," 233.95"," 239.00"," 233.10"," 238.15"," 238.10"," 236.77"," 38755267"," 91761.54"," 176533"," 21205338"," 54.72",220,147,48.12,11/15/2021,T
"ITC"," EQ"," 12-Nov-2021"," 230.00"," 231.20"," 233.95"," 229.15"," 232.85"," 232.90"," 231.88"," 11855531"," 27490.79"," 99013"," 4459244"," 37.61",120,146,48.02,11/12/2021,F
"ITC"," EQ"," 11-Nov-2021"," 230.85"," 230.40"," 231.50"," 228.55"," 230.20"," 230.00"," 229.65"," 8134962"," 18681.80"," 96104"," 3356619"," 41.26",85,146,48.08,11/11/2021,F
"ITC"," EQ"," 10-Nov-2021"," 228.75"," 227.45"," 232.85"," 227.20"," 230.75"," 230.85"," 230.52"," 13431108"," 30961.83"," 110805"," 4693940"," 34.95",121,147,48.04,11/10/2021,F
"ITC"," EQ"," 09-Nov-2021"," 229.80"," 229.85"," 230.90"," 227.85"," 228.85"," 228.75"," 229.11"," 11520817"," 26395.33"," 131594"," 5224823"," 45.35",88,148,48.42,11/09/2021,F
"ITC"," EQ"," 08-Nov-2021"," 226.55"," 229.70"," 230.70"," 225.70"," 229.65"," 229.80"," 228.22"," 20270558"," 46261.48"," 168607"," 9872907"," 48.71",120,149,48.62,11/08/2021,F
"ITC"," EQ"," 04-Nov-2021"," 222.45"," 224.85"," 227.30"," 224.00"," 227.15"," 226.55"," 225.88"," 7024796"," 15867.68"," 106228"," 4126838"," 58.75",66,149,48.60,11/04/2021,F
"ITC"," EQ"," 03-Nov-2021"," 225.60"," 226.00"," 226.85"," 221.70"," 222.75"," 222.45"," 223.82"," 17843327"," 39936.23"," 119495"," 11487403"," 64.38",149,151,48.42,11/03/2021,F
"ITC"," EQ"," 02-Nov-2021"," 226.85"," 228.00"," 229.25"," 224.50"," 226.00"," 225.60"," 226.05"," 14343859"," 32423.60"," 120551"," 6928470"," 48.30",119,151,48.25,11/02/2021,F
"ITC"," EQ"," 01-Nov-2021"," 223.20"," 224.15"," 227.55"," 222.50"," 226.80"," 226.85"," 224.82"," 23197539"," 52151.71"," 136114"," 14254678"," 61.45",170,152,48.21,11/01/2021,T
"ITC"," EQ"," 29-Oct-2021"," 225.10"," 225.00"," 228.25"," 222.30"," 223.45"," 223.20"," 225.09"," 26642108"," 59968.00"," 209691"," 12629129"," 47.40",127,151,48.11,10/29/2021,F
"ITC"," EQ"," 28-Oct-2021"," 238.45"," 235.10"," 235.95"," 224.15"," 225.15"," 225.10"," 228.88"," 46282465"," 105933.07"," 374260"," 21023555"," 45.42",124,152,48.28,10/28/2021,F
"ITC"," EQ"," 27-Oct-2021"," 236.70"," 240.25"," 241.30"," 236.20"," 238.95"," 238.45"," 239.14"," 25911499"," 61964.67"," 178935"," 7962038"," 30.73",145,152,48.43,10/27/2021,F
"ITC"," EQ"," 26-Oct-2021"," 233.40"," 234.10"," 239.00"," 232.60"," 238.75"," 236.70"," 235.05"," 18934170"," 44505.64"," 150678"," 8686277"," 45.88",126,151,48.74,10/26/2021,F
"ITC"," EQ"," 25-Oct-2021"," 236.60"," 234.10"," 236.65"," 230.50"," 233.00"," 233.40"," 233.82"," 22333919"," 52220.67"," 159014"," 10292852"," 46.09",140,152,48.83,10/25/2021,F
"ITC"," EQ"," 22-Oct-2021"," 244.70"," 244.70"," 245.80"," 233.70"," 236.50"," 236.60"," 238.65"," 35537151"," 84807.66"," 236176"," 17009316"," 47.86",150,153,48.76,10/22/2021,F
"ITC"," EQ"," 21-Oct-2021"," 246.60"," 248.00"," 248.35"," 243.10"," 244.70"," 244.70"," 244.77"," 22518727"," 55119.75"," 143909"," 11701284"," 51.96",156,153,48.82,10/21/2021,T
"ITC"," EQ"," 20-Oct-2021"," 245.95"," 245.95"," 248.50"," 242.35"," 246.50"," 246.60"," 245.66"," 47822165"," 117479.33"," 230234"," 23788245"," 49.74",208,153,48.88,10/20/2021,T
"ITC"," EQ"," 19-Oct-2021"," 262.55"," 261.40"," 262.55"," 245.05"," 246.10"," 245.95"," 251.38"," 59061766"," 148471.07"," 445769"," 24569236"," 41.60",132,152,48.87,10/19/2021,F
"ITC"," EQ"," 18-Oct-2021"," 256.55"," 261.00"," 265.30"," 257.35"," 261.80"," 262.55"," 261.24"," 60292901"," 157512.16"," 318410"," 31847322"," 52.82",189,153,49.09,10/18/2021,T
"ITC"," EQ"," 14-Oct-2021"," 249.20"," 253.25"," 261.85"," 250.35"," 256.30"," 256.55"," 256.08"," 85406902"," 218712.43"," 447958"," 35651835"," 41.74",191,152,49.04,10/14/2021,F
"ITC"," EQ"," 13-Oct-2021"," 241.30"," 242.55"," 250.90"," 240.15"," 250.90"," 249.20"," 245.44"," 50159625"," 123112.88"," 259485"," 23041573"," 45.94",193,153,49.10,10/13/2021,F
"ITC"," EQ"," 12-Oct-2021"," 238.05"," 238.60"," 243.00"," 238.00"," 241.30"," 241.30"," 240.78"," 29222028"," 70361.05"," 205242"," 11646287"," 39.85",142,152,49.05,10/12/2021,F
"ITC"," EQ"," 11-Oct-2021"," 231.70"," 232.00"," 239.50"," 231.70"," 238.20"," 238.05"," 236.17"," 21184428"," 50030.55"," 153853"," 9900712"," 46.74",138,153,49.39,10/11/2021,F
"ITC"," EQ"," 08-Oct-2021"," 232.95"," 234.75"," 234.80"," 231.20"," 231.90"," 231.70"," 232.63"," 9739240"," 22656.38"," 89186"," 4347984"," 44.64",109,153,49.60,10/08/2021,F
"ITC"," EQ"," 07-Oct-2021"," 231.25"," 233.00"," 234.95"," 232.30"," 232.95"," 232.95"," 233.59"," 10371535"," 24226.66"," 85072"," 5157574"," 49.73",122,153,49.77,10/07/2021,F
"ITC"," EQ"," 06-Oct-2021"," 234.70"," 234.80"," 236.40"," 230.60"," 230.90"," 231.25"," 232.89"," 17505160"," 40767.19"," 112565"," 9907202"," 56.60",156,153,50.00,10/06/2021,T
"ITC"," EQ"," 05-Oct-2021"," 236.60"," 236.40"," 237.45"," 234.50"," 234.60"," 234.70"," 235.35"," 9223597"," 21707.42"," 94090"," 4699478"," 50.95",98,154,49.96,10/05/2021,F
"ITC"," EQ"," 04-Oct-2021"," 235.35"," 236.00"," 238.35"," 235.40"," 236.60"," 236.60"," 236.93"," 10686552"," 25319.31"," 105551"," 4570937"," 42.77",101,154,50.10,10/04/2021,F
"ITC"," EQ"," 01-Oct-2021"," 236.15"," 235.20"," 237.00"," 232.90"," 235.25"," 235.35"," 234.62"," 15956143"," 37436.80"," 136058"," 6563294"," 41.13",117,155,50.24,10/01/2021,F
"ITC"," EQ"," 30-Sep-2021"," 238.10"," 239.90"," 240.40"," 235.25"," 235.80"," 236.15"," 237.68"," 16357902"," 38878.87"," 120162"," 8001445"," 48.91",136,155,50.48,09/30/2021,F
"ITC"," EQ"," 29-Sep-2021"," 237.75"," 236.00"," 241.40"," 235.70"," 237.85"," 238.10"," 238.18"," 15450046"," 36798.57"," 125680"," 6183100"," 40.02",123,155,50.42,09/29/2021,F
"ITC"," EQ"," 28-Sep-2021"," 238.70"," 239.85"," 241.60"," 236.30"," 237.25"," 237.75"," 238.82"," 15713947"," 37528.74"," 126931"," 6473185"," 41.19",124,155,50.72,09/28/2021,F
"ITC"," EQ"," 27-Sep-2021"," 238.45"," 239.80"," 241.85"," 235.50"," 238.50"," 238.70"," 238.63"," 22890540"," 54624.70"," 164828"," 8855963"," 38.69",139,155,50.92,09/27/2021,F
"ITC"," EQ"," 24-Sep-2021"," 242.50"," 244.00"," 244.00"," 237.70"," 238.20"," 238.45"," 240.27"," 24823291"," 59642.51"," 210081"," 11708286"," 47.17",118,155,51.36,09/24/2021,F
"ITC"," EQ"," 23-Sep-2021"," 243.50"," 245.00"," 245.60"," 241.70"," 242.35"," 242.50"," 243.18"," 21791090"," 52992.29"," 198020"," 10092922"," 46.32",110,154,51.50,09/23/2021,F
"ITC"," EQ"," 22-Sep-2021"," 241.50"," 243.50"," 245.80"," 240.70"," 243.00"," 243.50"," 243.28"," 52621868"," 128020.48"," 309101"," 22171661"," 42.13",170,155,51.77,09/22/2021,F
"ITC"," EQ"," 21-Sep-2021"," 233.75"," 234.95"," 242.45"," 231.70"," 241.55"," 241.50"," 237.79"," 56671832"," 134762.20"," 327928"," 19197880"," 33.88",173,154,52.04,09/21/2021,F
"ITC"," EQ"," 20-Sep-2021"," 231.15"," 231.00"," 239.35"," 230.25"," 232.95"," 233.75"," 235.83"," 70390969"," 166005.27"," 419200"," 24057714"," 34.18",168,154,52.39,09/20/2021,F
"ITC"," EQ"," 17-Sep-2021"," 230.75"," 233.00"," 237.30"," 229.10"," 231.50"," 231.15"," 232.96"," 79501805"," 185210.35"," 406400"," 26808048"," 33.72",196,153,52.73,09/17/2021,F
"ITC"," EQ"," 16-Sep-2021"," 216.00"," 216.95"," 233.65"," 216.30"," 230.30"," 230.75"," 229.26"," 149238901"," 342150.26"," 734612"," 44833384"," 30.04",203,152,53.13,09/16/2021,F
"ITC"," EQ"," 15-Sep-2021"," 216.10"," 217.10"," 217.20"," 215.30"," 215.70"," 216.00"," 215.90"," 20248758"," 43717.04"," 103557"," 13749583"," 67.90",196,151,53.60,09/15/2021,T
"ITC"," EQ"," 14-Sep-2021"," 214.15"," 214.90"," 217.25"," 214.20"," 216.75"," 216.10"," 216.03"," 19621849"," 42389.76"," 149992"," 9221721"," 47.00",131,151,53.34,09/14/2021,F
"ITC"," EQ"," 13-Sep-2021"," 212.65"," 213.35"," 215.15"," 211.80"," 213.90"," 214.15"," 213.73"," 16043896"," 34290.02"," 114592"," 8147669"," 50.78",140,151,53.49,09/13/2021,F
"ITC"," EQ"," 09-Sep-2021"," 211.25"," 211.05"," 213.90"," 210.55"," 212.95"," 212.65"," 212.57"," 19051252"," 40496.64"," 106146"," 10214863"," 53.62",179,151,53.62,09/09/2021,F
"ITC"," EQ"," 08-Sep-2021"," 211.75"," 212.25"," 213.00"," 209.70"," 211.05"," 211.25"," 211.42"," 17233315"," 36435.34"," 100955"," 9958470"," 57.79",171,150,53.55,09/08/2021,T
"ITC"," EQ"," 07-Sep-2021"," 209.30"," 210.90"," 214.35"," 210.15"," 211.85"," 211.75"," 212.45"," 37489544"," 79646.71"," 197323"," 16809450"," 44.84",190,151,53.60,09/07/2021,F
"ITC"," EQ"," 06-Sep-2021"," 210.60"," 211.00"," 211.20"," 209.05"," 209.05"," 209.30"," 209.97"," 10632156"," 22324.08"," 74738"," 7115703"," 66.93",142,151,53.61,09/06/2021,F
"ITC"," EQ"," 03-Sep-2021"," 209.75"," 209.75"," 211.25"," 209.75"," 210.45"," 210.60"," 210.61"," 10228853"," 21542.77"," 72526"," 5485501"," 53.63",141,152,53.46,09/03/2021,F
"ITC"," EQ"," 02-Sep-2021"," 209.50"," 209.00"," 211.50"," 209.00"," 209.75"," 209.75"," 210.23"," 14321164"," 30107.53"," 82922"," 8277589"," 57.80",173,153,53.63,09/02/2021,T
"ITC"," EQ"," 01-Sep-2021"," 211.30"," 211.00"," 212.30"," 209.30"," 209.55"," 209.50"," 210.09"," 16241960"," 34123.35"," 76728"," 9752416"," 60.04",212,154,53.77,09/01/2021,T
"ITC"," EQ"," 31-Aug-2021"," 208.00"," 208.05"," 211.60"," 207.25"," 211.00"," 211.30"," 210.24"," 25808430"," 54260.34"," 123479"," 16684705"," 64.65",209,154,53.82,08/31/2021,T
"ITC"," EQ"," 30-Aug-2021"," 205.90"," 206.00"," 208.20"," 206.00"," 208.05"," 208.00"," 207.00"," 12084844"," 25015.60"," 76605"," 7342135"," 60.75",158,154,53.56,08/30/2021,T
"ITC"," EQ"," 27-Aug-2021"," 204.60"," 205.00"," 206.85"," 204.90"," 206.05"," 205.90"," 205.99"," 10476384"," 21580.59"," 60983"," 6425432"," 61.33",172,156,53.31,08/27/2021,T
"ITC"," EQ"," 26-Aug-2021"," 206.40"," 206.40"," 206.85"," 204.35"," 204.85"," 204.60"," 205.45"," 14836173"," 30480.68"," 84248"," 8338144"," 56.20",176,156,53.19,08/26/2021,T
"ITC"," EQ"," 25-Aug-2021"," 205.75"," 206.40"," 207.90"," 206.00"," 206.30"," 206.40"," 207.06"," 10586894"," 21921.31"," 74105"," 5826330"," 55.03",143,158,53.25,08/25/2021,F
"ITC"," EQ"," 24-Aug-2021"," 206.30"," 207.00"," 207.00"," 204.70"," 205.75"," 205.75"," 205.71"," 12490094"," 25693.34"," 90980"," 6518681"," 52.19",137,159,53.25,08/24/2021,F
"ITC"," EQ"," 23-Aug-2021"," 208.90"," 209.50"," 210.20"," 206.00"," 206.20"," 206.30"," 207.76"," 9936365"," 20643.38"," 83271"," 4098694"," 41.25",119,160,53.24,08/23/2021,F
"ITC"," EQ"," 20-Aug-2021"," 208.95"," 207.00"," 210.70"," 206.70"," 208.40"," 208.90"," 208.46"," 19421004"," 40484.17"," 119445"," 7894513"," 40.65",163,161,53.49,08/20/2021,F
"ITC"," EQ"," 18-Aug-2021"," 209.20"," 209.60"," 211.50"," 208.35"," 209.30"," 208.95"," 209.49"," 10735658"," 22490.14"," 76896"," 4565354"," 42.53",140,161,53.58,08/18/2021,F
"ITC"," EQ"," 17-Aug-2021"," 210.90"," 210.80"," 211.50"," 208.80"," 208.95"," 209.20"," 209.63"," 7858486"," 16473.77"," 77453"," 3836077"," 48.81",101,161,53.77,08/17/2021,F
"ITC"," EQ"," 16-Aug-2021"," 211.45"," 211.40"," 213.25"," 210.50"," 211.00"," 210.90"," 211.93"," 11190075"," 23714.67"," 90617"," 5445762"," 48.67",123,162,53.81,08/16/2021,F
"ITC"," EQ"," 13-Aug-2021"," 208.90"," 209.85"," 212.30"," 209.20"," 211.35"," 211.45"," 211.24"," 18850939"," 39820.58"," 139319"," 7802940"," 41.39",135,163,53.58,08/13/2021,F
"ITC"," EQ"," 12-Aug-2021"," 208.65"," 210.25"," 214.20"," 208.35"," 208.90"," 208.90"," 210.26"," 27692208"," 58226.06"," 155350"," 10822541"," 39.08",178,164,53.38,08/12/2021,F
"ITC"," EQ"," 11-Aug-2021"," 209.85"," 209.85"," 210.60"," 207.45"," 208.70"," 208.65"," 208.61"," 15418634"," 32165.47"," 112589"," 8964786"," 58.14",137,164,53.61,08/11/2021,F
"ITC"," EQ"," 10-Aug-2021"," 213.80"," 214.00"," 214.45"," 208.55"," 210.00"," 209.85"," 211.36"," 18155926"," 38373.75"," 122060"," 10446912"," 57.54",149,164,53.48,08/10/2021,F
"ITC"," EQ"," 09-Aug-2021"," 214.25"," 215.00"," 217.15"," 212.70"," 213.70"," 213.80"," 214.89"," 20358146"," 43747.46"," 140681"," 9788836"," 48.08",145,164,53.40,08/09/2021,F
"ITC"," EQ"," 06-Aug-2021"," 215.25"," 215.40"," 216.00"," 212.60"," 214.60"," 214.25"," 214.19"," 23581637"," 50508.77"," 133898"," 11335234"," 48.07",176,164,53.44,08/06/2021,F
"ITC"," EQ"," 05-Aug-2021"," 208.60"," 208.60"," 216.75"," 206.90"," 215.00"," 215.25"," 213.38"," 47178466"," 100670.21"," 243882"," 22297896"," 47.26",193,164,53.28,08/05/2021,F
"ITC"," EQ"," 04-Aug-2021"," 209.90"," 210.90"," 211.10"," 208.10"," 208.65"," 208.60"," 209.38"," 10998260"," 23027.81"," 80790"," 5959442"," 54.19",136,164,52.99,08/04/2021,F
"ITC"," EQ"," 03-Aug-2021"," 207.30"," 207.50"," 210.90"," 206.45"," 209.75"," 209.90"," 209.37"," 18468527"," 38667.16"," 114086"," 8449335"," 45.75",162,163,52.82,08/03/2021,F
"ITC"," EQ"," 02-Aug-2021"," 204.95"," 206.45"," 207.50"," 205.45"," 207.20"," 207.30"," 206.59"," 9674128"," 19986.11"," 73105"," 5358505"," 55.39",132,163,52.85,08/02/2021,F
"ITC"," EQ"," 30-Jul-2021"," 206.05"," 206.10"," 207.10"," 204.60"," 205.05"," 204.95"," 205.63"," 14940336"," 30721.73"," 102568"," 8579574"," 57.43",146,162,52.83,07/30/2021,F
"ITC"," EQ"," 29-Jul-2021"," 209.10"," 209.10"," 210.20"," 205.65"," 206.00"," 206.05"," 207.81"," 15603733"," 32425.42"," 119278"," 8615259"," 55.21",131,162,52.71,07/29/2021,F
"ITC"," EQ"," 28-Jul-2021"," 208.65"," 208.30"," 210.00"," 207.45"," 209.20"," 209.10"," 208.88"," 14736840"," 30782.75"," 140082"," 7335884"," 49.78",105,162,52.55,07/28/2021,F
"ITC"," EQ"," 27-Jul-2021"," 211.15"," 212.00"," 213.00"," 207.95"," 208.80"," 208.65"," 210.31"," 24436949"," 51392.85"," 131878"," 12610541"," 51.60",185,163,52.66,07/27/2021,F
"ITC"," EQ"," 26-Jul-2021"," 212.40"," 214.00"," 215.35"," 210.80"," 211.05"," 211.15"," 213.27"," 47263771"," 100797.68"," 276749"," 19514256"," 41.29",171,162,52.51,07/26/2021,F
"ITC"," EQ"," 23-Jul-2021"," 207.00"," 207.00"," 213.60"," 206.50"," 212.45"," 212.40"," 210.93"," 44526781"," 93919.37"," 253121"," 22931963"," 51.50",176,163,52.77,07/23/2021,F
"ITC"," EQ"," 22-Jul-2021"," 206.80"," 207.00"," 208.25"," 205.85"," 207.00"," 207.00"," 207.03"," 18311537"," 37910.27"," 101678"," 10246304"," 55.96",180,163,52.78,07/22/2021,T
"ITC"," EQ"," 20-Jul-2021"," 207.75"," 208.20"," 209.30"," 206.40"," 206.60"," 206.80"," 207.80"," 23656813"," 49157.83"," 161404"," 13024081"," 55.05",147,163,52.67,07/20/2021,F
"ITC"," EQ"," 19-Jul-2021"," 207.90"," 206.80"," 209.50"," 206.35"," 208.00"," 207.75"," 208.11"," 16464973"," 34264.73"," 110856"," 7638694"," 46.39",149,163,52.56,07/19/2021,F
"ITC"," EQ"," 16-Jul-2021"," 206.25"," 207.70"," 209.65"," 207.20"," 207.85"," 207.90"," 208.43"," 29019824"," 60485.89"," 163226"," 15320511"," 52.79",178,163,52.57,07/16/2021,T
"ITC"," EQ"," 15-Jul-2021"," 204.10"," 204.40"," 208.50"," 202.90"," 206.40"," 206.25"," 205.96"," 28852257"," 59424.50"," 148819"," 13002377"," 45.07",194,162,52.37,07/15/2021,F
"ITC"," EQ"," 14-Jul-2021"," 201.85"," 201.85"," 205.15"," 201.70"," 203.95"," 204.10"," 203.56"," 20480406"," 41690.37"," 106786"," 8811621"," 43.02",192,161,52.36,07/14/2021,F
"ITC"," EQ"," 13-Jul-2021"," 201.10"," 202.00"," 202.20"," 201.35"," 202.05"," 201.85"," 201.75"," 10830411"," 21850.64"," 66272"," 6620288"," 61.13",163,161,52.51,07/13/2021,T
"ITC"," EQ"," 12-Jul-2021"," 201.35"," 202.00"," 202.55"," 200.95"," 201.10"," 201.10"," 201.68"," 13085323"," 26390.92"," 95000"," 7825684"," 59.81",138,161,52.05,07/12/2021,F
"ITC"," EQ"," 09-Jul-2021"," 202.00"," 202.00"," 202.35"," 200.90"," 201.45"," 201.35"," 201.63"," 11834045"," 23860.52"," 95596"," 6495070"," 54.88",124,161,51.86,07/09/2021,F
"ITC"," EQ"," 08-Jul-2021"," 203.75"," 203.50"," 204.50"," 201.80"," 202.05"," 202.00"," 202.54"," 20925008"," 42381.91"," 141373"," 13451340"," 64.28",148,161,51.56,07/08/2021,F
"ITC"," EQ"," 07-Jul-2021"," 202.50"," 202.50"," 205.20"," 202.30"," 203.90"," 203.75"," 203.87"," 17879443"," 36451.63"," 91964"," 9646809"," 53.95",194,162,51.23,07/07/2021,T
"ITC"," EQ"," 06-Jul-2021"," 203.65"," 203.25"," 203.80"," 202.25"," 202.60"," 202.50"," 203.10"," 11088659"," 22520.93"," 95117"," 6585054"," 59.39",117,161,50.82,07/06/2021,F
"ITC"," EQ"," 05-Jul-2021"," 202.40"," 203.00"," 204.10"," 202.70"," 203.65"," 203.65"," 203.38"," 10248249"," 20842.91"," 75097"," 5324082"," 51.95",136,162,50.34,07/05/2021,F
"ITC"," EQ"," 02-Jul-2021"," 203.00"," 203.30"," 203.70"," 202.25"," 202.45"," 202.40"," 202.75"," 12698779"," 25746.96"," 132029"," 7041308"," 55.45",96,162,50.24,07/02/2021,F
"ITC"," EQ"," 01-Jul-2021"," 202.70"," 202.90"," 203.80"," 202.15"," 203.10"," 203.00"," 203.03"," 10191296"," 20691.63"," 68663"," 4631882"," 45.45",148,163,50.16,07/01/2021,F
"ITC"," EQ"," 30-Jun-2021"," 203.30"," 204.30"," 204.40"," 202.55"," 202.70"," 202.70"," 203.25"," 15942408"," 32402.34"," 122092"," 9379338"," 58.83",131,164,50.23,06/30/2021,F
"ITC"," EQ"," 29-Jun-2021"," 203.60"," 203.60"," 205.30"," 203.15"," 203.25"," 203.30"," 203.84"," 13326068"," 27163.46"," 107509"," 7115203"," 53.39",124,166,50.12,06/29/2021,F
"ITC"," EQ"," 28-Jun-2021"," 205.05"," 205.90"," 205.90"," 203.35"," 203.70"," 203.60"," 203.99"," 14627153"," 29838.20"," 117711"," 9628768"," 65.83",124,167,49.96,06/28/2021,F
"ITC"," EQ"," 25-Jun-2021"," 203.25"," 204.00"," 205.60"," 203.75"," 205.00"," 205.05"," 204.79"," 13877208"," 28419.01"," 140517"," 7806217"," 56.25",99,168,49.70,06/25/2021,F
"ITC"," EQ"," 24-Jun-2021"," 203.95"," 204.45"," 204.65"," 202.55"," 203.95"," 203.25"," 203.18"," 22435272"," 45584.39"," 145424"," 14094355"," 62.82",154,169,49.45,06/24/2021,F
"ITC"," EQ"," 23-Jun-2021"," 205.10"," 205.65"," 205.85"," 203.60"," 204.05"," 203.95"," 204.47"," 12575210"," 25712.44"," 132740"," 7412553"," 58.95",95,169,49.28,06/23/2021,F
"ITC"," EQ"," 22-Jun-2021"," 204.45"," 206.10"," 206.25"," 204.35"," 205.20"," 205.10"," 205.11"," 18042675"," 37007.90"," 113081"," 10051913"," 55.71",160,171,48.94,06/22/2021,F
"ITC"," EQ"," 21-Jun-2021"," 204.55"," 203.10"," 206.00"," 202.40"," 204.70"," 204.45"," 204.54"," 19074685"," 39015.62"," 150105"," 10540012"," 55.26",127,171,48.67,06/21/2021,F
"ITC"," EQ"," 18-Jun-2021"," 205.65"," 206.00"," 206.45"," 202.50"," 204.85"," 204.55"," 204.27"," 23567549"," 48141.18"," 179302"," 13762293"," 58.40",131,172,48.43,06/18/2021,F
"ITC"," EQ"," 17-Jun-2021"," 207.85"," 206.95"," 208.00"," 205.00"," 205.50"," 205.65"," 206.25"," 21476893"," 44295.04"," 173639"," 12738431"," 59.31",124,174,48.27,06/17/2021,F
"ITC"," EQ"," 16-Jun-2021"," 207.05"," 207.05"," 209.35"," 207.05"," 207.45"," 207.85"," 208.28"," 20104244"," 41873.71"," 103261"," 10366304"," 51.56",195,177,48.08,06/16/2021,T
"ITC"," EQ"," 15-Jun-2021"," 207.30"," 207.55"," 208.40"," 207.00"," 207.10"," 207.05"," 207.54"," 14854294"," 30828.24"," 110907"," 8322105"," 56.02",134,178,47.92,06/15/2021,F
"ITC"," EQ"," 14-Jun-2021"," 207.90"," 207.95"," 208.45"," 205.20"," 207.55"," 207.30"," 206.83"," 17677889"," 36563.34"," 133072"," 9437208"," 53.38",133,180,48.02,06/14/2021,F
"ITC"," EQ"," 11-Jun-2021"," 209.30"," 210.30"," 210.45"," 207.75"," 208.00"," 207.90"," 208.60"," 21424291"," 44691.57"," 138839"," 12707358"," 59.31",154,181,48.15,06/11/2021,F
"ITC"," EQ"," 10-Jun-2021"," 212.50"," 208.70"," 211.40"," 207.50"," 209.75"," 209.30"," 209.31"," 30719587"," 64299.66"," 186336"," 15190492"," 49.45",165,181,48.08,06/10/2021,F
"ITC"," EQ"," 09-Jun-2021"," 213.65"," 214.00"," 214.75"," 211.50"," 212.55"," 212.50"," 213.34"," 24887924"," 53095.00"," 119309"," 15123894"," 60.77",209,182,48.05,06/09/2021,T
"ITC"," EQ"," 08-Jun-2021"," 211.45"," 212.20"," 214.25"," 211.20"," 213.80"," 213.65"," 212.77"," 21261361"," 45236.86"," 126001"," 9657352"," 45.42",169,181,48.01,06/08/2021,F
"ITC"," EQ"," 07-Jun-2021"," 208.75"," 210.40"," 212.40"," 210.20"," 211.75"," 211.45"," 211.52"," 31433280"," 66486.39"," 156997"," 18131098"," 57.68",200,181,48.11,06/07/2021,T
"ITC"," EQ"," 04-Jun-2021"," 209.05"," 209.50"," 209.70"," 208.00"," 209.55"," 208.75"," 208.53"," 30126021"," 62821.17"," 147023"," 19314602"," 64.11",205,181,48.08,06/04/2021,T
"ITC"," EQ"," 03-Jun-2021"," 209.00"," 210.75"," 210.75"," 208.70"," 209.10"," 209.05"," 209.38"," 46657520"," 97689.27"," 186083"," 31220588"," 66.91",251,181,47.66,06/03/2021,T
"ITC"," EQ"," 02-Jun-2021"," 215.25"," 210.50"," 212.45"," 208.60"," 209.05"," 209.00"," 210.07"," 96654991"," 203043.64"," 397935"," 60639383"," 62.74",243,180,47.21,06/02/2021,T
"ITC"," EQ"," 01-Jun-2021"," 216.60"," 218.00"," 219.40"," 214.25"," 215.90"," 215.25"," 216.54"," 38755111"," 83922.15"," 196487"," 18758663"," 48.40",197,178,46.92,06/01/2021,T
"ITC"," EQ"," 31-May-2021"," 212.90"," 215.00"," 217.90"," 214.40"," 217.00"," 216.60"," 216.76"," 73039531"," 158317.65"," 297258"," 32947074"," 45.11",246,178,46.73,05/31/2021,F
"ITC"," EQ"," 28-May-2021"," 211.15"," 212.50"," 213.50"," 211.55"," 212.90"," 212.90"," 212.72"," 25597550"," 54451.91"," 114742"," 13809975"," 53.95",223,176,46.48,05/28/2021,T
"ITC"," EQ"," 27-May-2021"," 210.60"," 211.00"," 214.15"," 210.30"," 211.20"," 211.15"," 211.94"," 47554219"," 100787.77"," 172315"," 28538996"," 60.01",276,174,46.51,05/27/2021,T
"ITC"," EQ"," 26-May-2021"," 210.90"," 211.80"," 212.45"," 210.30"," 210.90"," 210.60"," 211.33"," 17576137"," 37143.59"," 88996"," 9649911"," 54.90",197,173,46.23,05/26/2021,T
"ITC"," EQ"," 25-May-2021"," 211.50"," 213.00"," 213.40"," 210.25"," 211.05"," 210.90"," 211.96"," 25334878"," 53700.89"," 137177"," 13069831"," 51.59",185,172,46.07,05/25/2021,T
"ITC"," EQ"," 24-May-2021"," 209.05"," 209.50"," 212.05"," 207.75"," 211.55"," 211.50"," 209.99"," 28865798"," 60616.63"," 155678"," 16372254"," 56.72",185,172,45.70,05/24/2021,T
"ITC"," EQ"," 21-May-2021"," 207.00"," 207.60"," 209.85"," 207.40"," 209.05"," 209.05"," 208.92"," 22638020"," 47295.77"," 132199"," 10818716"," 47.79",171,172,45.34,05/21/2021,F
"ITC"," EQ"," 20-May-2021"," 207.75"," 208.45"," 209.30"," 206.80"," 207.10"," 207.00"," 207.59"," 20884367"," 43353.23"," 132564"," 10936634"," 52.37",158,172,45.35,05/20/2021,F
"ITC"," EQ"," 19-May-2021"," 210.05"," 210.05"," 211.40"," 207.55"," 207.85"," 207.75"," 208.60"," 24405319"," 50909.05"," 155659"," 13273360"," 54.39",157,173,45.05,05/19/2021,F
"ITC"," EQ"," 18-May-2021"," 212.60"," 214.10"," 214.60"," 209.65"," 210.20"," 210.05"," 211.35"," 30479551"," 64419.52"," 167993"," 15760619"," 51.71",181,173,44.72,05/18/2021,T
"ITC"," EQ"," 17-May-2021"," 212.25"," 216.80"," 217.00"," 211.65"," 212.75"," 212.60"," 213.71"," 38001828"," 81212.58"," 213490"," 12854695"," 33.83",178,173,44.23,05/17/2021,F
"ITC"," EQ"," 14-May-2021"," 203.25"," 205.00"," 213.20"," 204.00"," 213.05"," 212.25"," 210.46"," 61647120"," 129739.64"," 316512"," 17758207"," 28.81",195,173,44.19,05/14/2021,F
"ITC"," EQ"," 12-May-2021"," 204.00"," 203.90"," 205.25"," 202.85"," 203.60"," 203.25"," 203.74"," 16537612"," 33694.13"," 104661"," 8207535"," 49.63",158,173,44.32,05/12/2021,F
"ITC"," EQ"," 11-May-2021"," 205.55"," 203.90"," 206.50"," 203.75"," 204.10"," 204.00"," 204.73"," 13747541"," 28145.27"," 96933"," 7219732"," 52.52",142,173,44.18,05/11/2021,F
"ITC"," EQ"," 10-May-2021"," 205.35"," 207.15"," 207.45"," 205.00"," 205.80"," 205.55"," 205.80"," 16295368"," 33535.19"," 113301"," 8262185"," 50.70",144,174,43.95,05/10/2021,F
"ITC"," EQ"," 07-May-2021"," 202.75"," 202.95"," 206.45"," 202.95"," 205.50"," 205.35"," 205.43"," 19463495"," 39983.67"," 104887"," 7401788"," 38.03",186,175,43.73,05/07/2021,F
"ITC"," EQ"," 06-May-2021"," 201.40"," 202.30"," 205.95"," 202.10"," 203.00"," 202.75"," 203.61"," 14320889"," 29158.09"," 95114"," 4163348"," 29.07",151,176,43.50,05/06/2021,F
"ITC"," EQ"," 05-May-2021"," 199.60"," 201.45"," 202.00"," 199.50"," 202.00"," 201.40"," 200.50"," 13862655"," 27795.28"," 108117"," 6017450"," 43.41",128,178,43.50,05/05/2021,F
"ITC"," EQ"," 04-May-2021"," 200.95"," 201.20"," 202.35"," 199.10"," 199.75"," 199.60"," 200.61"," 18259282"," 36629.50"," 150994"," 8722406"," 47.77",121,179,43.45,05/04/2021,F
"ITC"," EQ"," 03-May-2021"," 202.60"," 201.20"," 201.85"," 200.00"," 201.10"," 200.95"," 200.87"," 20611626"," 41403.50"," 189472"," 11090236"," 53.81",109,181,43.28,05/03/2021,F
"ITC"," EQ"," 30-Apr-2021"," 204.30"," 203.90"," 205.70"," 202.00"," 202.40"," 202.60"," 203.73"," 16495657"," 33606.49"," 124300"," 8268973"," 50.13",133,182,42.90,04/30/2021,F
"ITC"," EQ"," 29-Apr-2021"," 205.50"," 207.10"," 207.55"," 204.05"," 204.40"," 204.30"," 205.37"," 13096755"," 26896.42"," 95800"," 5887019"," 44.95",137,182,42.76,04/29/2021,F
"ITC"," EQ"," 28-Apr-2021"," 205.40"," 206.00"," 206.50"," 205.30"," 205.65"," 205.50"," 205.96"," 12708021"," 26173.27"," 69476"," 7221020"," 56.82",183,183,42.57,04/28/2021,F
"ITC"," EQ"," 27-Apr-2021"," 205.30"," 205.30"," 206.95"," 205.05"," 205.50"," 205.40"," 205.85"," 11444814"," 23558.87"," 94890"," 4863874"," 42.50",121,184,42.47,04/27/2021,F
"ITC"," EQ"," 26-Apr-2021"," 205.35"," 205.80"," 206.75"," 204.70"," 205.50"," 205.30"," 205.64"," 19886214"," 40893.70"," 103777"," 11449231"," 57.57",192,185,42.47,04/26/2021,T
"ITC"," EQ"," 23-Apr-2021"," 205.90"," 204.25"," 207.00"," 204.25"," 205.05"," 205.35"," 206.06"," 19625381"," 40439.14"," 92702"," 10231587"," 52.13",212,184,42.09,04/23/2021,T
"ITC"," EQ"," 22-Apr-2021"," 203.55"," 202.00"," 206.30"," 200.55"," 205.85"," 205.90"," 204.38"," 23139735"," 47294.05"," 128190"," 11325257"," 48.94",181,183,41.73,04/22/2021,F
"ITC"," EQ"," 20-Apr-2021"," 205.60"," 206.20"," 207.00"," 202.50"," 203.15"," 203.55"," 204.65"," 21364882"," 43724.13"," 158567"," 10308540"," 48.25",135,183,41.44,04/20/2021,F
"ITC"," EQ"," 19-Apr-2021"," 207.95"," 205.00"," 206.10"," 203.75"," 206.00"," 205.60"," 204.81"," 15792299"," 32343.44"," 141500"," 7435713"," 47.08",112,184,41.20,04/19/2021,F
"ITC"," EQ"," 16-Apr-2021"," 206.70"," 208.00"," 209.25"," 206.50"," 208.00"," 207.95"," 208.25"," 13311926"," 27722.65"," 82765"," 5335862"," 40.08",161,186,40.82,04/16/2021,F
"ITC"," EQ"," 15-Apr-2021"," 208.70"," 209.00"," 210.45"," 206.00"," 207.10"," 206.70"," 207.40"," 17530742"," 36359.45"," 126577"," 7808066"," 44.54",138,186,40.73,04/15/2021,F
"ITC"," EQ"," 13-Apr-2021"," 205.30"," 207.00"," 209.70"," 206.00"," 208.65"," 208.70"," 207.75"," 20247639"," 42064.23"," 133141"," 6523657"," 32.22",152,188,40.38,04/13/2021,F
"ITC"," EQ"," 12-Apr-2021"," 213.10"," 210.00"," 211.00"," 205.00"," 205.30"," 205.30"," 207.32"," 34511670"," 71550.36"," 256517"," 16599695"," 48.10",135,188,40.57,04/12/2021,F
"ITC"," EQ"," 09-Apr-2021"," 213.25"," 213.75"," 215.95"," 212.55"," 213.25"," 213.10"," 213.94"," 16364247"," 35010.32"," 110013"," 5977901"," 36.53",149,189,40.51,04/09/2021,F
"ITC"," EQ"," 08-Apr-2021"," 213.80"," 214.85"," 216.10"," 212.85"," 213.50"," 213.25"," 214.28"," 14116874"," 30249.31"," 81632"," 6140411"," 43.50",173,190,40.81,04/08/2021,F
"ITC"," EQ"," 07-Apr-2021"," 212.65"," 212.70"," 215.20"," 212.45"," 213.65"," 213.80"," 214.02"," 15204883"," 32541.48"," 96741"," 4328409"," 28.47",157,190,40.88,04/07/2021,F
"ITC"," EQ"," 06-Apr-2021"," 212.55"," 213.80"," 214.95"," 210.15"," 212.80"," 212.65"," 212.66"," 25674227"," 54598.48"," 143881"," 7693023"," 29.96",178,190,41.20,04/06/2021,F
"ITC"," EQ"," 05-Apr-2021"," 220.05"," 217.60"," 220.00"," 210.50"," 211.95"," 212.55"," 213.47"," 31378045"," 66983.98"," 220759"," 14361225"," 45.77",142,189,41.41,04/05/2021,F
"ITC"," EQ"," 01-Apr-2021"," 218.50"," 220.00"," 220.60"," 217.30"," 220.05"," 220.05"," 219.11"," 29062762"," 63679.86"," 125473"," 14556236"," 50.09",232,190,41.01,04/01/2021,T
"ITC"," EQ"," 31-Mar-2021"," 214.55"," 214.05"," 219.30"," 212.70"," 217.80"," 218.50"," 217.38"," 36485322"," 79313.30"," 162814"," 18894707"," 51.79",224,189,40.81,03/31/2021,T
"ITC"," EQ"," 30-Mar-2021"," 210.90"," 213.25"," 215.00"," 210.40"," 214.65"," 214.55"," 212.69"," 27792437"," 59112.48"," 147081"," 12175778"," 43.81",189,188,40.41,03/30/2021,T
"ITC"," EQ"," 26-Mar-2021"," 211.60"," 214.25"," 214.45"," 210.35"," 210.90"," 210.90"," 212.16"," 26079435"," 55331.21"," 156755"," 10734264"," 41.16",166,187,40.11,03/26/2021,F
"ITC"," EQ"," 25-Mar-2021"," 215.95"," 215.15"," 215.95"," 209.05"," 213.90"," 211.60"," 211.67"," 40681282"," 86111.51"," 231111"," 21568507"," 53.02",176,188,40.09,03/25/2021,F
"ITC"," EQ"," 24-Mar-2021"," 222.20"," 221.00"," 222.80"," 215.25"," 216.30"," 215.95"," 218.64"," 27609243"," 60365.92"," 160693"," 10623677"," 38.48",172,188,39.61,03/24/2021,F
"ITC"," EQ"," 23-Mar-2021"," 226.00"," 225.00"," 228.10"," 221.30"," 222.05"," 222.20"," 224.28"," 41564683"," 93221.89"," 237234"," 16416079"," 39.50",175,188,39.46,03/23/2021,F
"ITC"," EQ"," 22-Mar-2021"," 222.95"," 223.30"," 226.40"," 221.50"," 226.00"," 226.00"," 224.40"," 46050245"," 103337.89"," 207251"," 18744523"," 40.70",222,188,39.37,03/22/2021,T
"ITC"," EQ"," 19-Mar-2021"," 217.65"," 219.00"," 226.15"," 215.55"," 222.80"," 222.95"," 221.92"," 134184994"," 297776.99"," 523004"," 65288056"," 48.66",257,187,39.25,03/19/2021,T
"ITC"," EQ"," 18-Mar-2021"," 210.60"," 213.00"," 219.10"," 211.90"," 219.00"," 217.65"," 215.44"," 91993104"," 198190.79"," 364689"," 44278789"," 48.13",252,186,39.09,03/18/2021,T
"ITC"," EQ"," 17-Mar-2021"," 207.85"," 212.20"," 213.90"," 208.55"," 210.95"," 210.60"," 211.24"," 78578698"," 165993.24"," 310723"," 32943174"," 41.92",253,185,38.86,03/17/2021,T
"ITC"," EQ"," 16-Mar-2021"," 205.45"," 206.40"," 208.90"," 204.95"," 208.35"," 207.85"," 207.32"," 48763187"," 101094.44"," 175982"," 30295783"," 62.13",277,184,38.86,03/16/2021,T
"ITC"," EQ"," 15-Mar-2021"," 205.20"," 205.85"," 206.00"," 201.60"," 205.50"," 205.45"," 203.30"," 41115906"," 83588.20"," 194868"," 25130483"," 61.12",211,182,38.34,03/15/2021,T
"ITC"," EQ"," 12-Mar-2021"," 206.50"," 208.00"," 208.00"," 203.50"," 205.20"," 205.20"," 206.20"," 30787960"," 63483.79"," 188084"," 16913213"," 54.93",164,181,37.87,03/12/2021,F
"ITC"," EQ"," 10-Mar-2021"," 207.80"," 209.10"," 209.20"," 205.80"," 206.40"," 206.50"," 206.76"," 19603214"," 40532.33"," 126929"," 11394134"," 58.12",154,183,37.50,03/10/2021,F
"ITC"," EQ"," 09-Mar-2021"," 208.00"," 208.70"," 209.75"," 204.75"," 207.65"," 207.80"," 207.31"," 22593086"," 46837.92"," 111233"," 11580362"," 51.26",203,184,37.09,03/09/2021,T
"ITC"," EQ"," 08-Mar-2021"," 208.55"," 209.70"," 210.80"," 207.70"," 207.90"," 208.00"," 208.85"," 22988740"," 48011.17"," 112532"," 12924091"," 56.22",204,184,36.75,03/08/2021,T
"ITC"," EQ"," 05-Mar-2021"," 209.70"," 208.00"," 210.00"," 207.20"," 209.90"," 208.55"," 208.64"," 17323590"," 36144.49"," 103897"," 6761904"," 39.03",167,183,36.43,03/05/2021,F
"ITC"," EQ"," 04-Mar-2021"," 209.95"," 208.80"," 211.30"," 207.60"," 209.80"," 209.70"," 209.74"," 24899212"," 52223.36"," 139637"," 10152713"," 40.78",178,184,36.42,03/04/2021,F
"ITC"," EQ"," 03-Mar-2021"," 209.90"," 212.00"," 212.00"," 208.80"," 209.95"," 209.95"," 210.22"," 20846117"," 43822.26"," 123925"," 9513456"," 45.64",168,185,36.49,03/03/2021,F
"ITC"," EQ"," 02-Mar-2021"," 206.90"," 207.00"," 210.80"," 206.50"," 210.00"," 209.90"," 209.53"," 25604169"," 53649.09"," 147297"," 9434407"," 36.85",174,186,36.29,03/02/2021,F
"ITC"," EQ"," 01-Mar-2021"," 203.85"," 205.45"," 207.75"," 204.05"," 207.00"," 206.90"," 206.05"," 16225536"," 33433.30"," 139486"," 4979596"," 30.69",116,186,36.26,03/01/2021,F
"ITC"," EQ"," 26-Feb-2021"," 209.15"," 207.25"," 208.00"," 203.00"," 203.65"," 203.85"," 205.43"," 43429293"," 89218.26"," 295180"," 24158667"," 55.63",147,187,36.35,02/26/2021,F
"ITC"," EQ"," 25-Feb-2021"," 208.85"," 209.50"," 211.20"," 208.80"," 209.20"," 209.15"," 209.99"," 25954142"," 54502.08"," 145567"," 11200614"," 43.16",178,189,36.34,02/25/2021,F
"ITC"," EQ"," 24-Feb-2021"," 208.50"," 209.10"," 209.80"," 206.50"," 208.65"," 208.85"," 208.61"," 13160617"," 27454.87"," 78718"," 5995087"," 45.55",167,190,36.11,02/24/2021,F
"ITC"," EQ"," 23-Feb-2021"," 207.05"," 208.00"," 210.55"," 207.00"," 208.70"," 208.50"," 208.89"," 26675953"," 55722.21"," 142383"," 8003078"," 30.00",187,191,35.82,02/23/2021,F
"ITC"," EQ"," 22-Feb-2021"," 215.95"," 212.00"," 212.00"," 206.00"," 206.95"," 207.05"," 207.93"," 51546288"," 107181.08"," 332459"," 18166104"," 35.24",155,191,35.97,02/22/2021,F
"ITC"," EQ"," 19-Feb-2021"," 218.85"," 218.85"," 218.90"," 214.00"," 216.50"," 215.95"," 216.90"," 28125203"," 61004.79"," 136326"," 13596630"," 48.34",206,192,35.89,02/19/2021,T
"ITC"," EQ"," 18-Feb-2021"," 217.75"," 218.20"," 220.60"," 217.90"," 219.10"," 218.85"," 219.17"," 24070563"," 52755.97"," 135239"," 8386274"," 34.84",178,192,35.70,02/18/2021,F
"ITC"," EQ"," 17-Feb-2021"," 218.25"," 217.60"," 218.40"," 216.55"," 217.95"," 217.75"," 217.39"," 19850516"," 43153.83"," 125824"," 6879491"," 34.66",158,194,35.58,02/17/2021,F
"ITC"," EQ"," 16-Feb-2021"," 218.60"," 219.05"," 221.80"," 217.25"," 218.40"," 218.25"," 219.19"," 29148891"," 63890.77"," 153249"," 6729823"," 23.09",190,194,35.56,02/16/2021,F
"ITC"," EQ"," 15-Feb-2021"," 217.45"," 218.45"," 221.00"," 217.50"," 218.75"," 218.60"," 219.04"," 31776555"," 69603.58"," 184189"," 9977289"," 31.40",173,194,35.83,02/15/2021,F
"ITC"," EQ"," 12-Feb-2021"," 226.45"," 225.75"," 225.75"," 215.80"," 217.60"," 217.45"," 218.73"," 110568108"," 241844.38"," 514138"," 44471540"," 40.22",215,193,36.13,02/12/2021,T
"ITC"," EQ"," 11-Feb-2021"," 227.55"," 229.00"," 229.30"," 224.50"," 226.60"," 226.45"," 226.58"," 43631374"," 98860.68"," 272037"," 17767924"," 40.72",160,194,36.08,02/11/2021,F
"ITC"," EQ"," 10-Feb-2021"," 229.00"," 229.00"," 231.10"," 223.10"," 228.20"," 227.55"," 227.34"," 47283127"," 107495.59"," 261647"," 19348550"," 40.92",181,195,35.92,02/10/2021,F
"ITC"," EQ"," 09-Feb-2021"," 233.10"," 234.60"," 239.20"," 228.20"," 228.80"," 229.00"," 232.82"," 70655961"," 164503.99"," 341250"," 27544492"," 38.98",207,196,35.95,02/09/2021,T
"ITC"," EQ"," 08-Feb-2021"," 234.35"," 237.50"," 238.05"," 231.50"," 233.45"," 233.10"," 234.25"," 41495834"," 97204.39"," 233390"," 15480194"," 37.31",178,195,36.07,02/08/2021,F
"ITC"," EQ"," 05-Feb-2021"," 229.95"," 232.15"," 238.85"," 227.25"," 233.75"," 234.35"," 233.77"," 125490301"," 293363.54"," 462141"," 30643189"," 24.42",272,196,35.89,02/05/2021,F
"ITC"," EQ"," 04-Feb-2021"," 216.75"," 216.10"," 231.40"," 216.00"," 230.05"," 229.95"," 225.61"," 105818897"," 238737.69"," 448405"," 30853410"," 29.16",236,195,35.97,02/04/2021,F
"ITC"," EQ"," 03-Feb-2021"," 218.20"," 221.50"," 222.00"," 215.70"," 216.55"," 216.75"," 217.78"," 53643263"," 116821.99"," 237418"," 21652591"," 40.36",226,195,36.07,02/03/2021,T
"ITC"," EQ"," 02-Feb-2021"," 215.95"," 220.00"," 223.50"," 217.00"," 218.45"," 218.20"," 219.76"," 48457781"," 106490.36"," 246486"," 18023213"," 37.19",197,195,35.89,02/02/2021,T
"ITC"," EQ"," 01-Feb-2021"," 203.25"," 204.00"," 217.95"," 201.80"," 216.55"," 215.95"," 211.22"," 57744414"," 121969.82"," 340533"," 18192320"," 31.50",170,194,35.90,02/01/2021,F
"ITC"," EQ"," 29-Jan-2021"," 206.60"," 208.55"," 208.80"," 202.35"," 203.25"," 203.25"," 205.15"," 23764654"," 48752.84"," 139430"," 9869530"," 41.53",170,194,36.15,01/29/2021,F
"ITC"," EQ"," 28-Jan-2021"," 210.65"," 209.25"," 211.00"," 205.75"," 206.85"," 206.60"," 208.22"," 22131983"," 46083.96"," 131065"," 7441957"," 33.63",169,194,35.98,01/28/2021,F
"ITC"," EQ"," 27-Jan-2021"," 207.80"," 208.00"," 212.65"," 207.10"," 210.75"," 210.65"," 210.69"," 48471357"," 102122.58"," 218996"," 24526093"," 50.60",221,194,36.18,01/27/2021,T
"ITC"," EQ"," 25-Jan-2021"," 210.70"," 212.00"," 212.50"," 206.85"," 208.15"," 207.80"," 209.04"," 24967899"," 52194.04"," 144604"," 8770958"," 35.13",173,197,36.64,01/25/2021,F
"ITC"," EQ"," 22-Jan-2021"," 213.70"," 214.00"," 214.75"," 209.15"," 211.20"," 210.70"," 211.49"," 24712182"," 52263.56"," 217555"," 7706391"," 31.18",114,197,36.70,01/22/2021,F
"ITC"," EQ"," 21-Jan-2021"," 217.65"," 219.00"," 219.50"," 212.20"," 215.15"," 213.70"," 216.38"," 28999164"," 62749.02"," 158624"," 8567443"," 29.54",183,198,36.90,01/21/2021,F
"ITC"," EQ"," 20-Jan-2021"," 218.85"," 218.50"," 219.00"," 215.70"," 217.20"," 217.65"," 217.39"," 44672447"," 97112.15"," 201237"," 19511559"," 43.68",222,198,37.41,01/20/2021,T
"ITC"," EQ"," 19-Jan-2021"," 219.75"," 221.00"," 221.70"," 217.50"," 218.95"," 218.85"," 219.40"," 31785089"," 69735.55"," 156756"," 10792355"," 33.95",203,197,37.41,01/19/2021,F
"ITC"," EQ"," 18-Jan-2021"," 217.85"," 218.40"," 222.00"," 214.60"," 218.05"," 219.75"," 218.93"," 67607822"," 148014.62"," 344233"," 16354918"," 24.19",196,196,37.63,01/18/2021,F
"ITC"," EQ"," 15-Jan-2021"," 214.15"," 214.90"," 218.50"," 211.20"," 217.90"," 217.85"," 215.81"," 58321158"," 125862.67"," 302828"," 20103362"," 34.47",193,196,37.94,01/15/2021,F
"ITC"," EQ"," 14-Jan-2021"," 211.25"," 212.00"," 216.50"," 211.60"," 214.10"," 214.15"," 214.33"," 48304263"," 103531.09"," 241528"," 15152865"," 31.37",200,196,37.88,01/14/2021,F
"ITC"," EQ"," 13-Jan-2021"," 206.45"," 207.45"," 213.00"," 205.25"," 211.20"," 211.25"," 210.15"," 63925996"," 134337.37"," 318171"," 20966166"," 32.80",201,195,38.18,01/13/2021,F
"ITC"," EQ"," 12-Jan-2021"," 202.50"," 203.00"," 206.90"," 201.60"," 206.50"," 206.45"," 204.40"," 35617404"," 72800.39"," 222088"," 15613483"," 43.84",160,196,38.63,01/12/2021,F
"ITC"," EQ"," 11-Jan-2021"," 201.50"," 204.00"," 206.10"," 201.25"," 202.65"," 202.50"," 203.15"," 42970983"," 87296.44"," 218401"," 18992891"," 44.20",197,198,38.54,01/11/2021,F
"ITC"," EQ"," 08-Jan-2021"," 202.80"," 204.35"," 206.00"," 200.25"," 202.10"," 201.50"," 202.74"," 56427360"," 114398.44"," 287998"," 31087312"," 55.09",196,198,38.28,01/08/2021,F
"ITC"," EQ"," 07-Jan-2021"," 205.40"," 206.10"," 207.60"," 202.10"," 203.25"," 202.80"," 203.92"," 34952401"," 71274.09"," 195120"," 16551803"," 47.36",179,197,38.14,01/07/2021,F
"ITC"," EQ"," 06-Jan-2021"," 211.45"," 211.45"," 211.50"," 204.50"," 205.30"," 205.40"," 207.11"," 49067837"," 101622.79"," 275629"," 23747706"," 48.40",178,196,38.29,01/06/2021,F
"ITC"," EQ"," 05-Jan-2021"," 213.40"," 212.45"," 213.25"," 210.60"," 211.75"," 211.45"," 211.51"," 18024083"," 38122.79"," 125014"," 7622424"," 42.29",144,195,38.23,01/05/2021,F
"ITC"," EQ"," 04-Jan-2021"," 213.85"," 214.00"," 216.00"," 212.10"," 213.90"," 213.40"," 214.25"," 26891799"," 57616.71"," 145021"," 8472342"," 31.51",185,196,38.07,01/04/2021,F
"ITC"," EQ"," 01-Jan-2021"," 209.00"," 209.90"," 214.20"," 209.30"," 213.90"," 213.85"," 212.11"," 19527333"," 41418.65"," 97216"," 6064448"," 31.06",201,195,38.42,01/01/2021,F
"ITC"," EQ"," 31-Dec-2020"," 211.15"," 210.55"," 211.30"," 208.55"," 209.10"," 209.00"," 209.66"," 18245270"," 38253.92"," 138886"," 6869930"," 37.65",131,195,38.54,12/31/2020,F
"ITC"," EQ"," 30-Dec-2020"," 211.55"," 212.70"," 213.50"," 209.55"," 211.00"," 211.15"," 211.22"," 18925262"," 39973.17"," 104450"," 5157075"," 27.25",181,196,38.56,12/30/2020,F
"ITC"," EQ"," 29-Dec-2020"," 209.50"," 210.50"," 213.50"," 210.10"," 211.65"," 211.55"," 211.71"," 26546469"," 56200.85"," 142222"," 8360123"," 31.49",187,196,38.69,12/29/2020,F
"ITC"," EQ"," 28-Dec-2020"," 208.60"," 209.00"," 210.20"," 207.85"," 209.60"," 209.50"," 209.19"," 15741000"," 32927.94"," 113830"," 5261031"," 33.42",138,195,38.96,12/28/2020,F
"ITC"," EQ"," 24-Dec-2020"," 207.75"," 210.00"," 210.65"," 205.60"," 208.25"," 208.60"," 208.18"," 22768284"," 47400.15"," 121521"," 5342678"," 23.47",187,196,39.17,12/24/2020,F
"ITC"," EQ"," 23-Dec-2020"," 203.40"," 203.00"," 208.25"," 202.00"," 207.60"," 207.75"," 205.16"," 23695667"," 48614.33"," 138457"," 6825726"," 28.81",171,195,39.61,12/23/2020,F
"ITC"," EQ"," 22-Dec-2020"," 202.95"," 203.10"," 206.25"," 196.90"," 204.20"," 203.40"," 201.22"," 40986353"," 82470.89"," 227711"," 13878008"," 33.86",180,197,40.19,12/22/2020,F
"ITC"," EQ"," 21-Dec-2020"," 214.50"," 214.50"," 214.70"," 199.15"," 202.00"," 202.95"," 207.72"," 41834797"," 86898.55"," 229386"," 14113552"," 33.74",182,197,40.26,12/21/2020,F
"ITC"," EQ"," 18-Dec-2020"," 213.05"," 213.10"," 215.95"," 209.75"," 214.75"," 214.50"," 212.28"," 23775053"," 50469.28"," 137785"," 9105759"," 38.30",173,196,40.30,12/18/2020,F
"ITC"," EQ"," 17-Dec-2020"," 214.00"," 214.20"," 215.10"," 211.25"," 212.85"," 213.05"," 212.89"," 22386185"," 47656.96"," 111013"," 7658012"," 34.21",202,196,40.41,12/17/2020,F
"ITC"," EQ"," 16-Dec-2020"," 213.55"," 213.75"," 215.55"," 213.50"," 214.60"," 214.00"," 214.37"," 19551630"," 41913.35"," 97686"," 8195929"," 41.92",200,195,40.51,12/16/2020,T
"ITC"," EQ"," 15-Dec-2020"," 215.90"," 215.25"," 216.40"," 211.60"," 213.55"," 213.55"," 213.41"," 23255609"," 49630.83"," 158242"," 6911697"," 29.72",147,195,40.73,12/15/2020,F
"ITC"," EQ"," 14-Dec-2020"," 216.30"," 217.95"," 218.60"," 215.00"," 215.55"," 215.90"," 216.60"," 26990063"," 58460.26"," 160180"," 8649787"," 32.05",168,195,41.09,12/14/2020,F
"ITC"," EQ"," 11-Dec-2020"," 212.70"," 214.45"," 217.95"," 213.35"," 216.00"," 216.30"," 215.98"," 60322445"," 130285.07"," 238474"," 21632317"," 35.86",253,195,41.32,12/11/2020,F
"ITC"," EQ"," 10-Dec-2020"," 205.40"," 206.65"," 213.65"," 203.15"," 213.15"," 212.70"," 208.78"," 65227495"," 136182.57"," 314902"," 21775325"," 33.38",207,194,41.37,12/10/2020,F
"ITC"," EQ"," 09-Dec-2020"," 202.45"," 205.00"," 207.80"," 204.65"," 205.40"," 205.40"," 206.21"," 39684395"," 81832.27"," 221624"," 12882786"," 32.46",179,193,41.32,12/09/2020,F
"ITC"," EQ"," 08-Dec-2020"," 203.15"," 203.90"," 204.70"," 199.55"," 202.70"," 202.45"," 202.27"," 30853963"," 62407.99"," 151876"," 9237393"," 29.94",203,193,41.58,12/08/2020,F
"ITC"," EQ"," 07-Dec-2020"," 198.20"," 198.20"," 203.75"," 197.60"," 203.75"," 203.15"," 201.60"," 35693450"," 71959.68"," 194375"," 12775928"," 35.79",184,192,41.76,12/07/2020,F
"ITC"," EQ"," 04-Dec-2020"," 196.20"," 196.85"," 199.35"," 196.50"," 198.30"," 198.20"," 198.18"," 22152332"," 43901.36"," 109919"," 8497407"," 38.36",202,192,41.73,12/04/2020,F
"ITC"," EQ"," 03-Dec-2020"," 195.95"," 197.20"," 197.20"," 194.55"," 196.35"," 196.20"," 195.83"," 28009042"," 54850.07"," 110211"," 12667491"," 45.23",254,191,41.94,12/03/2020,T
"ITC"," EQ"," 02-Dec-2020"," 194.40"," 195.00"," 198.75"," 193.55"," 195.85"," 195.95"," 196.15"," 28425948"," 55756.84"," 121841"," 9411035"," 33.11",233,189,41.97,12/02/2020,F
"ITC"," EQ"," 01-Dec-2020"," 193.65"," 195.00"," 196.35"," 192.40"," 194.60"," 194.40"," 194.64"," 15893346"," 30935.31"," 94417"," 5543840"," 34.88",168,188,42.02,12/01/2020,F
"ITC"," EQ"," 27-Nov-2020"," 194.80"," 194.45"," 195.75"," 193.20"," 193.50"," 193.65"," 194.29"," 31385396"," 60979.29"," 117535"," 17280078"," 55.06",267,191,42.68,11/27/2020,T
"ITC"," EQ"," 26-Nov-2020"," 193.85"," 195.10"," 195.85"," 192.55"," 194.95"," 194.80"," 194.10"," 24222956"," 47015.87"," 108953"," 7028927"," 29.02",222,189,42.72,11/26/2020,F
"ITC"," EQ"," 25-Nov-2020"," 195.55"," 196.00"," 197.95"," 192.50"," 193.40"," 193.85"," 195.33"," 41659179"," 81373.68"," 173811"," 11536619"," 27.69",240,189,43.10,11/25/2020,F
"ITC"," EQ"," 24-Nov-2020"," 190.85"," 190.60"," 196.45"," 190.60"," 195.65"," 195.55"," 194.63"," 45411815"," 88386.34"," 207600"," 17801793"," 39.20",219,188,43.48,11/24/2020,F
"ITC"," EQ"," 23-Nov-2020"," 191.70"," 192.00"," 192.50"," 188.65"," 190.85"," 190.85"," 190.40"," 23180456"," 44135.19"," 122117"," 7067642"," 30.49",190,186,43.59,11/23/2020,F
"ITC"," EQ"," 20-Nov-2020"," 187.90"," 188.80"," 192.00"," 186.05"," 191.35"," 191.70"," 190.06"," 45307312"," 86110.88"," 191628"," 16600305"," 36.64",236,186,43.82,11/20/2020,F
"ITC"," EQ"," 19-Nov-2020"," 184.05"," 182.80"," 191.80"," 182.70"," 188.05"," 187.90"," 188.45"," 48984610"," 92309.23"," 195581"," 13385459"," 27.33",250,185,43.85,11/19/2020,F
"ITC"," EQ"," 18-Nov-2020"," 187.35"," 186.80"," 188.45"," 182.75"," 184.60"," 184.05"," 184.87"," 26595992"," 49167.60"," 150821"," 8782809"," 33.02",176,184,44.04,11/18/2020,F
"ITC"," EQ"," 17-Nov-2020"," 188.60"," 189.00"," 189.40"," 186.40"," 187.70"," 187.35"," 187.46"," 20950589"," 39273.18"," 98508"," 8452760"," 40.35",213,183,44.00,11/17/2020,F
"ITC"," EQ"," 14-Nov-2020"," 187.10"," 189.05"," 190.00"," 188.05"," 188.20"," 188.60"," 188.97"," 7767144"," 14677.23"," 87878"," 3862498"," 49.73",88,181,43.82,11/14/2020,F
"ITC"," EQ"," 13-Nov-2020"," 188.00"," 187.20"," 188.80"," 185.55"," 187.15"," 187.10"," 187.41"," 28198725"," 52847.34"," 110753"," 10444695"," 37.04",255,182,43.72,11/13/2020,F
"ITC"," EQ"," 12-Nov-2020"," 185.30"," 185.20"," 188.75"," 183.85"," 187.95"," 188.00"," 186.75"," 46367792"," 86593.93"," 206341"," 14192727"," 30.61",225,182,43.72,11/12/2020,F
"ITC"," EQ"," 11-Nov-2020"," 178.35"," 179.60"," 185.90"," 178.60"," 185.20"," 185.30"," 182.59"," 63318644"," 115613.31"," 249263"," 27392522"," 43.26",254,181,43.69,11/11/2020,F
"ITC"," EQ"," 10-Nov-2020"," 172.80"," 175.00"," 179.55"," 171.85"," 178.50"," 178.35"," 175.27"," 57459436"," 100711.49"," 309060"," 26630870"," 46.35",186,179,43.52,11/10/2020,T
"ITC"," EQ"," 09-Nov-2020"," 173.95"," 173.95"," 177.30"," 171.85"," 173.00"," 172.80"," 173.52"," 35286484"," 61230.05"," 178286"," 9155317"," 25.95",198,180,43.27,11/09/2020,F
"ITC"," EQ"," 06-Nov-2020"," 174.75"," 176.50"," 177.20"," 173.40"," 173.80"," 173.95"," 174.69"," 34252005"," 59833.56"," 135959"," 10060506"," 29.37",252,179,43.43,11/06/2020,F
"ITC"," EQ"," 05-Nov-2020"," 169.80"," 171.25"," 175.00"," 170.20"," 175.00"," 174.75"," 173.34"," 26997641"," 46797.43"," 136258"," 9602489"," 35.57",198,178,43.79,11/05/2020,F
"ITC"," EQ"," 04-Nov-2020"," 170.10"," 170.05"," 171.80"," 168.20"," 169.75"," 169.80"," 170.11"," 18808819"," 31995.65"," 89249"," 5477908"," 29.12",211,177,43.84,11/04/2020,F
"ITC"," EQ"," 03-Nov-2020"," 166.75"," 167.20"," 170.75"," 167.10"," 170.00"," 170.10"," 169.51"," 22602903"," 38314.57"," 119246"," 8604562"," 38.07",190,181,44.60,11/03/2020,F
"ITC"," EQ"," 02-Nov-2020"," 165.25"," 166.80"," 167.20"," 164.45"," 166.75"," 166.75"," 165.96"," 14370649"," 23849.97"," 109318"," 6750832"," 46.98",131,181,44.50,11/02/2020,F
"ITC"," EQ"," 30-Oct-2020"," 163.85"," 164.00"," 166.80"," 163.35"," 165.40"," 165.25"," 164.94"," 16347510"," 26962.96"," 95275"," 5043476"," 30.85",172,181,44.40,10/30/2020,F
"ITC"," EQ"," 29-Oct-2020"," 165.50"," 165.00"," 165.95"," 163.45"," 163.85"," 163.85"," 164.62"," 21008755"," 34584.95"," 120602"," 9635499"," 45.86",174,181,44.56,10/29/2020,F
"ITC"," EQ"," 28-Oct-2020"," 167.20"," 168.50"," 168.50"," 165.00"," 165.50"," 165.50"," 166.35"," 16820839"," 27981.13"," 99972"," 6402709"," 38.06",168,181,44.54,10/28/2020,F
"ITC"," EQ"," 27-Oct-2020"," 168.55"," 168.50"," 169.30"," 166.75"," 167.05"," 167.20"," 167.67"," 45885935"," 76936.12"," 100863"," 35538429"," 77.45",455,181,44.41,10/27/2020,T
"ITC"," EQ"," 26-Oct-2020"," 170.75"," 171.50"," 171.60"," 168.25"," 168.50"," 168.55"," 169.42"," 16081502"," 27244.97"," 101429"," 6304814"," 39.21",159,177,43.79,10/26/2020,F
"ITC"," EQ"," 23-Oct-2020"," 168.55"," 168.95"," 171.00"," 167.75"," 170.85"," 170.75"," 169.74"," 20147370"," 34198.10"," 103220"," 8862140"," 43.99",195,178,43.63,10/23/2020,T
"ITC"," EQ"," 22-Oct-2020"," 167.65"," 167.55"," 169.10"," 167.00"," 168.80"," 168.55"," 168.19"," 22044453"," 37075.48"," 122983"," 13495376"," 61.22",179,180,43.94,10/22/2020,F
"ITC"," EQ"," 21-Oct-2020"," 167.45"," 168.15"," 168.90"," 166.60"," 167.80"," 167.65"," 167.79"," 16479194"," 27651.20"," 114694"," 7228414"," 43.86",144,180,43.56,10/21/2020,F
"ITC"," EQ"," 20-Oct-2020"," 168.25"," 168.00"," 168.30"," 166.70"," 167.70"," 167.45"," 167.41"," 16149041"," 27034.96"," 102766"," 7750552"," 47.99",157,181,43.39,10/20/2020,F
"ITC"," EQ"," 19-Oct-2020"," 165.70"," 166.80"," 168.90"," 166.15"," 168.85"," 168.25"," 167.56"," 19016841"," 31864.48"," 116243"," 8232822"," 43.29",164,182,43.45,10/19/2020,F
"ITC"," EQ"," 16-Oct-2020"," 165.05"," 165.50"," 166.80"," 163.80"," 165.85"," 165.70"," 165.24"," 20227113"," 33423.00"," 113656"," 6292551"," 31.11",178,182,43.56,10/16/2020,F
"ITC"," EQ"," 15-Oct-2020"," 167.80"," 167.70"," 167.80"," 164.55"," 164.75"," 165.05"," 165.94"," 27116959"," 44997.33"," 160816"," 13536820"," 49.92",169,181,43.77,10/15/2020,F
"ITC"," EQ"," 14-Oct-2020"," 170.15"," 170.55"," 171.00"," 167.05"," 167.70"," 167.80"," 167.88"," 38219096"," 64161.74"," 134089"," 23353765"," 61.10",285,181,43.60,10/14/2020,T
"ITC"," EQ"," 13-Oct-2020"," 172.20"," 172.85"," 174.85"," 169.50"," 169.80"," 170.15"," 172.39"," 35685353"," 61516.93"," 149374"," 13654212"," 38.26",239,179,43.44,10/13/2020,F
"ITC"," EQ"," 12-Oct-2020"," 167.85"," 170.50"," 175.20"," 170.00"," 172.45"," 172.20"," 172.56"," 66250654"," 114322.72"," 308575"," 18738922"," 28.28",215,178,43.27,10/12/2020,F
"ITC"," EQ"," 09-Oct-2020"," 167.15"," 167.50"," 168.90"," 166.35"," 168.00"," 167.85"," 167.44"," 22373477"," 37462.96"," 143027"," 10239344"," 45.77",156,177,43.38,10/09/2020,F
"ITC"," EQ"," 08-Oct-2020"," 169.50"," 170.10"," 170.40"," 166.90"," 167.10"," 167.15"," 167.90"," 25503975"," 42822.31"," 241256"," 14542624"," 57.02",106,177,43.19,10/08/2020,F
"ITC"," EQ"," 07-Oct-2020"," 169.90"," 170.00"," 170.90"," 169.00"," 169.55"," 169.50"," 169.80"," 16286695"," 27654.09"," 135502"," 7223080"," 44.35",120,178,43.05,10/07/2020,F
"ITC"," EQ"," 06-Oct-2020"," 169.25"," 169.50"," 171.60"," 168.10"," 170.20"," 169.90"," 169.70"," 21886300"," 37140.43"," 130374"," 7102380"," 32.45",168,178,42.92,10/06/2020,F
"ITC"," EQ"," 05-Oct-2020"," 170.85"," 171.10"," 172.80"," 168.75"," 169.30"," 169.25"," 170.21"," 24301177"," 41363.75"," 166288"," 13013694"," 53.55",146,178,43.18,10/05/2020,F
"ITC"," EQ"," 01-Oct-2020"," 171.70"," 174.50"," 174.60"," 170.10"," 170.90"," 170.85"," 171.42"," 19758300"," 33870.16"," 104692"," 7700292"," 38.97",189,178,42.95,10/01/2020,F
"ITC"," EQ"," 30-Sep-2020"," 169.40"," 170.00"," 172.10"," 168.70"," 171.95"," 171.70"," 170.77"," 18482053"," 31562.45"," 106113"," 6479325"," 35.06",174,178,42.83,09/30/2020,F
"ITC"," EQ"," 29-Sep-2020"," 173.30"," 174.75"," 174.75"," 169.00"," 169.50"," 169.40"," 170.33"," 25617617"," 43633.45"," 164446"," 12354118"," 48.23",156,178,42.85,09/29/2020,F
"ITC"," EQ"," 25-Sep-2020"," 166.55"," 168.90"," 171.20"," 167.00"," 171.15"," 170.75"," 169.52"," 26627778"," 45139.43"," 152564"," 12419729"," 46.64",175,181,42.76,09/25/2020,F
"ITC"," EQ"," 24-Sep-2020"," 172.50"," 171.70"," 171.75"," 166.15"," 167.40"," 166.55"," 168.30"," 31486886"," 52993.94"," 209008"," 15942965"," 50.63",151,181,42.48,09/24/2020,F
"ITC"," EQ"," 23-Sep-2020"," 174.20"," 174.95"," 177.55"," 171.70"," 173.10"," 172.50"," 173.76"," 61785758"," 107359.95"," 195454"," 40264869"," 65.17",316,182,42.22,09/23/2020,T
"ITC"," EQ"," 22-Sep-2020"," 175.75"," 175.75"," 176.75"," 173.75"," 174.00"," 174.20"," 174.77"," 18532637"," 32388.96"," 134730"," 6990129"," 37.72",138,180,41.75,09/22/2020,F
"ITC"," EQ"," 21-Sep-2020"," 179.10"," 180.00"," 180.60"," 175.05"," 175.30"," 175.75"," 177.21"," 23892510"," 42339.47"," 155218"," 8693333"," 36.39",154,181,41.89,09/21/2020,F
"ITC"," EQ"," 18-Sep-2020"," 178.60"," 179.55"," 179.85"," 177.00"," 179.50"," 179.10"," 178.49"," 29783208"," 53161.50"," 200019"," 13507852"," 45.35",149,181,42.00,09/18/2020,F
"ITC"," EQ"," 17-Sep-2020"," 180.65"," 180.80"," 181.50"," 177.80"," 178.35"," 178.60"," 179.06"," 33936149"," 60764.84"," 287580"," 13605593"," 40.09",118,182,42.06,09/17/2020,F
"ITC"," EQ"," 16-Sep-2020"," 181.80"," 181.85"," 183.50"," 180.05"," 180.60"," 180.65"," 181.12"," 50645681"," 91729.76"," 220804"," 28397844"," 56.07",229,183,41.98,09/16/2020,T
"ITC"," EQ"," 15-Sep-2020"," 183.35"," 184.00"," 184.20"," 180.80"," 181.85"," 181.80"," 181.73"," 30772104"," 55922.76"," 182006"," 15870589"," 51.57",169,182,41.86,09/15/2020,F
"ITC"," EQ"," 14-Sep-2020"," 183.95"," 185.80"," 185.85"," 183.00"," 183.25"," 183.35"," 183.76"," 30993032"," 56952.77"," 191982"," 14423622"," 46.54",161,181,41.67,09/14/2020,F
"ITC"," EQ"," 11-Sep-2020"," 184.90"," 184.90"," 186.50"," 182.75"," 184.00"," 183.95"," 184.21"," 19256801"," 35472.05"," 101708"," 7504631"," 38.97",189,181,41.71,09/11/2020,F
"ITC"," EQ"," 10-Sep-2020"," 183.80"," 184.10"," 185.70"," 183.20"," 185.05"," 184.90"," 184.51"," 17785076"," 32814.92"," 113800"," 5364734"," 30.16",156,181,41.60,09/10/2020,F
"ITC"," EQ"," 09-Sep-2020"," 188.15"," 185.50"," 186.25"," 182.30"," 184.25"," 183.80"," 183.71"," 27830197"," 51128.11"," 198815"," 13615592"," 48.92",140,180,41.67,09/09/2020,F
"ITC"," EQ"," 08-Sep-2020"," 189.10"," 189.60"," 190.55"," 184.60"," 188.50"," 188.15"," 188.25"," 25591395"," 48175.42"," 154677"," 10432279"," 40.76",165,181,41.45,09/08/2020,F
"ITC"," EQ"," 07-Sep-2020"," 186.70"," 187.25"," 190.50"," 180.80"," 190.30"," 189.10"," 186.38"," 32663990"," 60878.76"," 237020"," 11073578"," 33.90",138,181,41.29,09/07/2020,F
"ITC"," EQ"," 04-Sep-2020"," 191.60"," 190.00"," 190.00"," 185.70"," 187.25"," 186.70"," 187.59"," 41389121"," 77641.52"," 227442"," 21359144"," 51.61",182,181,41.35,09/04/2020,T
"ITC"," EQ"," 03-Sep-2020"," 191.35"," 191.40"," 193.25"," 190.00"," 191.45"," 191.60"," 191.39"," 15692484"," 30033.65"," 135774"," 7338545"," 46.76",116,180,41.14,09/03/2020,F
"ITC"," EQ"," 02-Sep-2020"," 190.20"," 191.30"," 193.00"," 189.65"," 192.05"," 191.35"," 191.03"," 20585664"," 39325.53"," 130797"," 7437532"," 36.13",157,181,40.98,09/02/2020,F
"ITC"," EQ"," 01-Sep-2020"," 191.10"," 191.10"," 192.35"," 188.25"," 191.30"," 190.20"," 190.05"," 39779316"," 75600.52"," 154370"," 22742990"," 57.17",258,180,41.16,09/01/2020,T
"ITC"," EQ"," 31-Aug-2020"," 195.55"," 199.00"," 199.00"," 190.00"," 190.90"," 191.10"," 192.67"," 96998374"," 186884.81"," 308091"," 59695707"," 61.54",315,179,40.90,08/31/2020,T
"ITC"," EQ"," 28-Aug-2020"," 194.25"," 194.60"," 196.30"," 194.05"," 195.85"," 195.55"," 194.92"," 34645794"," 67530.92"," 221449"," 19959485"," 57.61",156,176,40.51,08/28/2020,F
"ITC"," EQ"," 27-Aug-2020"," 194.95"," 198.50"," 198.90"," 193.90"," 194.35"," 194.25"," 195.15"," 47213462"," 92138.31"," 274421"," 25089620"," 53.14",172,176,40.12,08/27/2020,F
"ITC"," EQ"," 26-Aug-2020"," 195.40"," 196.50"," 196.55"," 193.65"," 195.00"," 194.95"," 194.67"," 22631585"," 44056.60"," 127742"," 11644882"," 51.45",177,177,39.93,08/26/2020,F
"ITC"," EQ"," 25-Aug-2020"," 196.70"," 197.25"," 198.30"," 195.10"," 195.70"," 195.40"," 196.12"," 15199285"," 29809.16"," 111302"," 6998790"," 46.05",137,176,39.55,08/25/2020,F
"ITC"," EQ"," 24-Aug-2020"," 196.80"," 197.25"," 199.00"," 196.35"," 197.50"," 196.70"," 197.34"," 14737758"," 29083.12"," 87280"," 6657967"," 45.18",169,177,39.27,08/24/2020,F
"ITC"," EQ"," 21-Aug-2020"," 195.80"," 198.00"," 199.20"," 196.30"," 197.20"," 196.80"," 197.63"," 17234086"," 34059.08"," 103695"," 6585325"," 38.21",166,177,39.18,08/21/2020,F
"ITC"," EQ"," 20-Aug-2020"," 198.45"," 197.00"," 197.20"," 194.55"," 196.00"," 195.80"," 195.95"," 16910657"," 33137.06"," 99152"," 6636462"," 39.24",171,177,38.89,08/20/2020,F
"ITC"," EQ"," 19-Aug-2020"," 198.55"," 198.60"," 201.70"," 198.10"," 198.60"," 198.45"," 199.74"," 15474846"," 30909.49"," 94577"," 4789024"," 30.95",164,177,38.81,08/19/2020,F
"ITC"," EQ"," 18-Aug-2020"," 198.75"," 199.90"," 199.90"," 197.25"," 198.80"," 198.55"," 198.36"," 12488479"," 24771.57"," 130898"," 4822322"," 38.61",95,177,38.87,08/18/2020,F
"ITC"," EQ"," 17-Aug-2020"," 196.40"," 198.05"," 199.50"," 196.85"," 198.65"," 198.75"," 198.38"," 11741074"," 23291.54"," 79236"," 3965703"," 33.78",148,178,38.88,08/17/2020,F
"ITC"," EQ"," 14-Aug-2020"," 201.45"," 201.60"," 203.35"," 195.50"," 196.55"," 196.40"," 199.55"," 28752399"," 57375.08"," 148935"," 10625039"," 36.95",193,177,38.95,08/14/2020,F
"ITC"," EQ"," 13-Aug-2020"," 204.20"," 203.50"," 204.20"," 197.10"," 201.30"," 201.45"," 201.70"," 22698994"," 45784.65"," 140310"," 6479276"," 28.54",162,176,39.05,08/13/2020,F
"ITC"," EQ"," 12-Aug-2020"," 203.05"," 202.50"," 204.90"," 200.40"," 204.30"," 204.20"," 202.62"," 21287300"," 43132.69"," 114085"," 6986485"," 32.82",187,176,39.17,08/12/2020,F
"ITC"," EQ"," 11-Aug-2020"," 198.85"," 200.00"," 207.70"," 200.00"," 203.40"," 203.05"," 204.84"," 55143098"," 112954.75"," 253979"," 16695096"," 30.28",217,175,39.31,08/11/2020,F
"ITC"," EQ"," 10-Aug-2020"," 196.05"," 196.40"," 199.65"," 196.40"," 199.45"," 198.85"," 198.52"," 16474715"," 32704.82"," 98320"," 5951903"," 36.13",168,174,39.41,08/10/2020,F
"ITC"," EQ"," 07-Aug-2020"," 195.35"," 195.50"," 197.00"," 194.15"," 196.00"," 196.05"," 195.93"," 20913956"," 40975.67"," 115200"," 10870977"," 51.98",182,172,39.46,08/07/2020,T
"ITC"," EQ"," 06-Aug-2020"," 192.80"," 194.20"," 195.60"," 193.10"," 195.20"," 195.35"," 194.96"," 17886231"," 34871.25"," 124121"," 7008924"," 39.19",144,171,39.43,08/06/2020,F
"ITC"," EQ"," 05-Aug-2020"," 193.65"," 194.50"," 194.60"," 191.70"," 192.80"," 192.80"," 192.81"," 48768468"," 94031.61"," 118324"," 37434763"," 76.76",412,171,39.47,08/05/2020,T
"ITC"," EQ"," 04-Aug-2020"," 192.60"," 192.60"," 195.80"," 192.60"," 193.80"," 193.65"," 194.51"," 17189317"," 33434.72"," 89367"," 5441953"," 31.66",192,167,39.07,08/04/2020,F
"ITC"," EQ"," 03-Aug-2020"," 194.15"," 194.00"," 194.00"," 191.90"," 192.95"," 192.60"," 192.71"," 13265435"," 25563.42"," 93521"," 5367814"," 40.46",142,167,39.42,08/03/2020,F
"ITC"," EQ"," 31-Jul-2020"," 193.35"," 193.50"," 196.95"," 193.50"," 194.10"," 194.15"," 195.39"," 16653836"," 32539.84"," 87841"," 6854349"," 41.16",190,167,39.68,07/31/2020,T
"ITC"," EQ"," 30-Jul-2020"," 196.70"," 198.40"," 198.40"," 192.50"," 193.50"," 193.35"," 195.32"," 16315232"," 31866.18"," 108073"," 7279712"," 44.62",151,166,39.65,07/30/2020,F
"ITC"," EQ"," 29-Jul-2020"," 195.40"," 193.45"," 198.20"," 193.40"," 196.80"," 196.70"," 196.57"," 14831635"," 29155.27"," 73390"," 4439730"," 29.93",202,166,40.01,07/29/2020,F
"ITC"," EQ"," 28-Jul-2020"," 196.40"," 197.00"," 198.65"," 195.05"," 195.70"," 195.40"," 196.56"," 19287262"," 37910.18"," 98083"," 7370777"," 38.22",197,166,40.61,07/28/2020,F
"ITC"," EQ"," 27-Jul-2020"," 199.60"," 200.50"," 200.50"," 195.15"," 195.80"," 196.40"," 197.26"," 22645709"," 44670.46"," 122751"," 6657722"," 29.40",184,166,40.92,07/27/2020,F
"ITC"," EQ"," 24-Jul-2020"," 200.70"," 201.00"," 201.70"," 197.30"," 199.85"," 199.60"," 199.62"," 60185503"," 120142.97"," 167322"," 38098300"," 63.30",360,165,41.18,07/24/2020,T
"ITC"," EQ"," 23-Jul-2020"," 196.55"," 197.65"," 201.50"," 196.80"," 201.20"," 200.70"," 200.21"," 31488140"," 63042.93"," 185832"," 11838839"," 37.60",169,162,41.08,07/23/2020,F
"ITC"," EQ"," 22-Jul-2020"," 192.25"," 193.00"," 197.90"," 192.50"," 196.95"," 196.55"," 196.15"," 32572721"," 63890.59"," 172812"," 10804656"," 33.17",188,162,41.48,07/22/2020,F
"ITC"," EQ"," 21-Jul-2020"," 192.70"," 192.10"," 194.20"," 191.50"," 192.30"," 192.25"," 192.66"," 28010738"," 53964.42"," 123058"," 14488157"," 51.72",228,161,41.79,07/21/2020,T
"ITC"," EQ"," 20-Jul-2020"," 194.05"," 195.00"," 195.35"," 192.35"," 192.60"," 192.70"," 192.99"," 18918931"," 36511.97"," 124472"," 9421381"," 49.80",152,159,41.61,07/20/2020,F
"ITC"," EQ"," 17-Jul-2020"," 193.85"," 193.30"," 195.40"," 193.00"," 194.35"," 194.05"," 194.22"," 14882855"," 28904.97"," 101913"," 6667809"," 44.80",146,158,41.65,07/17/2020,F
"ITC"," EQ"," 16-Jul-2020"," 198.70"," 198.70"," 198.85"," 192.00"," 193.85"," 193.85"," 193.53"," 22144753"," 42856.61"," 145754"," 8560377"," 38.66",152,159,41.88,07/16/2020,F
"ITC"," EQ"," 15-Jul-2020"," 195.90"," 196.35"," 200.00"," 194.50"," 198.85"," 198.70"," 197.63"," 23777901"," 46993.00"," 124823"," 12145697"," 51.08",190,158,42.10,07/15/2020,T
"ITC"," EQ"," 14-Jul-2020"," 197.55"," 197.40"," 199.50"," 192.75"," 196.25"," 195.90"," 196.57"," 18476313"," 36319.36"," 126232"," 5123058"," 27.73",146,158,42.15,07/14/2020,F
"ITC"," EQ"," 13-Jul-2020"," 194.35"," 195.90"," 198.75"," 195.10"," 197.75"," 197.55"," 197.15"," 20298006"," 40018.11"," 131996"," 7149793"," 35.22",154,158,42.38,07/13/2020,F
"ITC"," EQ"," 10-Jul-2020"," 195.45"," 195.15"," 196.50"," 194.00"," 194.35"," 194.35"," 194.90"," 16192017"," 31557.71"," 97350"," 5464531"," 33.75",166,158,42.50,07/10/2020,F
"ITC"," EQ"," 09-Jul-2020"," 196.30"," 196.90"," 197.00"," 194.15"," 196.00"," 195.45"," 195.09"," 18769881"," 36618.66"," 134563"," 9027459"," 48.10",139,158,42.64,07/09/2020,F
"ITC"," EQ"," 08-Jul-2020"," 194.25"," 194.25"," 197.95"," 194.25"," 196.40"," 196.30"," 196.70"," 21276389"," 41849.87"," 146793"," 7741660"," 36.39",145,159,42.85,07/08/2020,F
"ITC"," EQ"," 07-Jul-2020"," 199.80"," 200.00"," 200.50"," 194.00"," 194.50"," 194.25"," 195.53"," 31282844"," 61167.01"," 236305"," 15220009"," 48.65",132,159,42.86,07/07/2020,F
"ITC"," EQ"," 06-Jul-2020"," 207.55"," 200.35"," 201.95"," 198.95"," 200.45"," 199.80"," 200.24"," 34710608"," 69503.48"," 207930"," 11731231"," 33.80",167,159,42.55,07/06/2020,F
"ITC"," EQ"," 03-Jul-2020"," 205.85"," 208.00"," 208.50"," 206.00"," 206.85"," 207.55"," 207.43"," 37896333"," 78608.90"," 182591"," 18355448"," 48.44",208,159,42.69,07/03/2020,T
"ITC"," EQ"," 02-Jul-2020"," 202.90"," 204.45"," 206.75"," 202.55"," 206.60"," 205.85"," 204.69"," 39321517"," 80487.26"," 207180"," 12344812"," 31.39",190,158,42.71,07/02/2020,F
"ITC"," EQ"," 01-Jul-2020"," 194.65"," 194.65"," 203.85"," 194.65"," 203.70"," 202.90"," 199.68"," 44298379"," 88453.95"," 251854"," 15980116"," 36.07",176,158,42.91,07/01/2020,F
"ITC"," EQ"," 30-Jun-2020"," 197.25"," 199.40"," 199.40"," 194.00"," 195.25"," 194.65"," 196.20"," 41216021"," 80866.02"," 160995"," 22246990"," 53.98",256,156,42.95,06/30/2020,T
"ITC"," EQ"," 29-Jun-2020"," 195.20"," 202.50"," 203.00"," 196.20"," 197.60"," 197.25"," 198.59"," 91504651"," 181717.22"," 388040"," 28967057"," 31.66",236,155,42.93,06/29/2020,F
"ITC"," EQ"," 26-Jun-2020"," 202.10"," 206.00"," 209.40"," 193.30"," 195.90"," 195.20"," 199.94"," 71957460"," 143873.02"," 358652"," 20114551"," 27.95",201,153,43.14,06/26/2020,F
"ITC"," EQ"," 25-Jun-2020"," 191.85"," 192.25"," 203.50"," 191.65"," 202.50"," 202.10"," 198.36"," 75575878"," 149912.86"," 385549"," 25859893"," 34.22",196,152,43.42,06/25/2020,F
"ITC"," EQ"," 24-Jun-2020"," 185.85"," 187.40"," 194.70"," 186.15"," 192.10"," 191.85"," 192.37"," 54653037"," 105135.10"," 288784"," 18704785"," 34.22",189,152,43.81,06/24/2020,F
"ITC"," EQ"," 23-Jun-2020"," 185.00"," 185.40"," 187.50"," 184.75"," 186.00"," 185.85"," 186.05"," 26547403"," 49390.39"," 130988"," 12515417"," 47.14",203,152,44.24,06/23/2020,T
"ITC"," EQ"," 22-Jun-2020"," 184.05"," 186.50"," 187.50"," 183.15"," 184.95"," 185.00"," 184.96"," 31396392"," 58070.42"," 202541"," 13660758"," 43.51",155,151,44.48,06/22/2020,F
"ITC"," EQ"," 19-Jun-2020"," 186.60"," 187.10"," 187.95"," 183.60"," 184.50"," 184.05"," 184.69"," 30531484"," 56389.57"," 149109"," 14906263"," 48.82",205,151,44.87,06/19/2020,T
"ITC"," EQ"," 18-Jun-2020"," 181.20"," 181.20"," 187.50"," 180.70"," 187.00"," 186.60"," 185.23"," 28887658"," 53509.93"," 161396"," 10191526"," 35.28",179,151,44.99,06/18/2020,F
"ITC"," EQ"," 17-Jun-2020"," 185.00"," 184.00"," 185.00"," 180.70"," 180.95"," 181.20"," 182.94"," 24028372"," 43958.58"," 158240"," 11630369"," 48.40",152,152,45.40,06/17/2020,F
"ITC"," EQ"," 16-Jun-2020"," 187.20"," 190.80"," 190.95"," 181.90"," 184.60"," 185.00"," 185.91"," 27637395"," 51381.69"," 175837"," 10682781"," 38.65",157,152,45.57,06/16/2020,F
"ITC"," EQ"," 15-Jun-2020"," 193.90"," 193.90"," 193.95"," 186.30"," 187.50"," 187.20"," 188.93"," 24463651"," 46219.91"," 188440"," 12049536"," 49.25",130,153,46.01,06/15/2020,F
"ITC"," EQ"," 12-Jun-2020"," 194.25"," 188.95"," 195.20"," 187.85"," 193.95"," 193.90"," 192.14"," 22562987"," 43352.36"," 132980"," 7175671"," 31.80",170,153,46.11,06/12/2020,F
"ITC"," EQ"," 11-Jun-2020"," 199.05"," 200.00"," 201.25"," 193.60"," 194.65"," 194.25"," 197.64"," 19847762"," 39226.56"," 136178"," 6873014"," 34.63",146,154,46.54,06/11/2020,F
"ITC"," EQ"," 10-Jun-2020"," 198.50"," 199.45"," 203.15"," 198.30"," 199.50"," 199.05"," 200.59"," 27204677"," 54568.96"," 158372"," 9477141"," 34.84",172,155,46.91,06/10/2020,F
"ITC"," EQ"," 09-Jun-2020"," 197.65"," 198.25"," 206.20"," 197.65"," 198.30"," 198.50"," 202.14"," 39914936"," 80684.42"," 264818"," 12226150"," 30.63",151,155,47.28,06/09/2020,F
"ITC"," EQ"," 08-Jun-2020"," 200.00"," 202.90"," 203.65"," 197.00"," 197.40"," 197.65"," 199.98"," 19555380"," 39107.60"," 147273"," 7380207"," 37.74",133,155,47.57,06/08/2020,F
"ITC"," EQ"," 05-Jun-2020"," 200.15"," 201.80"," 202.00"," 198.65"," 200.25"," 200.00"," 200.33"," 14632889"," 29313.88"," 108844"," 5545303"," 37.90",134,155,47.86,06/05/2020,F
"ITC"," EQ"," 04-Jun-2020"," 196.70"," 197.75"," 202.50"," 195.00"," 200.00"," 200.15"," 198.47"," 21999875"," 43663.02"," 139109"," 7972024"," 36.24",158,155,48.31,06/04/2020,F
"ITC"," EQ"," 03-Jun-2020"," 197.25"," 200.00"," 200.90"," 195.60"," 197.45"," 196.70"," 198.54"," 18979339"," 37682.08"," 125283"," 9089062"," 47.89",151,155,48.51,06/03/2020,F
"ITC"," EQ"," 02-Jun-2020"," 200.55"," 201.90"," 201.90"," 196.70"," 198.00"," 197.25"," 199.21"," 22631743"," 45085.16"," 152276"," 9175473"," 40.54",149,155,48.74,06/02/2020,F
"ITC"," EQ"," 01-Jun-2020"," 197.35"," 201.00"," 205.25"," 199.00"," 200.50"," 200.55"," 202.34"," 28509025"," 57684.84"," 213104"," 10287724"," 36.09",134,155,48.88,06/01/2020,F
"ITC"," EQ"," 29-May-2020"," 190.65"," 190.45"," 198.00"," 189.00"," 197.10"," 197.35"," 195.45"," 35836696"," 70042.05"," 204489"," 11563225"," 32.27",175,155,49.15,05/29/2020,F
"ITC"," EQ"," 28-May-2020"," 192.15"," 192.30"," 192.90"," 189.00"," 191.00"," 190.65"," 190.08"," 24579385"," 46720.99"," 132770"," 10000089"," 40.68",185,155,49.65,05/28/2020,F
"ITC"," EQ"," 27-May-2020"," 191.70"," 192.50"," 193.90"," 186.90"," 192.45"," 192.15"," 190.60"," 24546312"," 46785.58"," 150179"," 6552772"," 26.70",163,154,49.98,05/27/2020,F
"ITC"," EQ"," 26-May-2020"," 186.35"," 190.00"," 194.95"," 187.80"," 191.60"," 191.70"," 191.31"," 53235758"," 101843.00"," 315054"," 14958413"," 28.10",169,153,50.45,05/26/2020,F
"ITC"," EQ"," 22-May-2020"," 188.95"," 188.00"," 191.90"," 184.60"," 186.70"," 186.35"," 187.26"," 39013806"," 73058.88"," 222297"," 7624915"," 19.54",176,152,51.01,05/22/2020,F
"ITC"," EQ"," 21-May-2020"," 175.75"," 175.60"," 190.45"," 172.65"," 188.20"," 188.95"," 184.33"," 58382988"," 107615.08"," 302533"," 19797977"," 33.91",193,151,51.56,05/21/2020,F
"ITC"," EQ"," 20-May-2020"," 170.75"," 171.95"," 177.00"," 171.00"," 175.70"," 175.75"," 175.24"," 25320952"," 44372.43"," 191598"," 8779491"," 34.67",132,150,52.16,05/20/2020,F
"ITC"," EQ"," 19-May-2020"," 164.75"," 166.50"," 171.65"," 165.10"," 170.75"," 170.75"," 168.99"," 20142194"," 34038.53"," 152331"," 7968019"," 39.56",132,149,52.47,05/19/2020,F
"ITC"," EQ"," 18-May-2020"," 164.65"," 166.00"," 167.30"," 163.15"," 164.80"," 164.75"," 165.59"," 20802365"," 34446.45"," 164646"," 7933262"," 38.14",126,149,52.97,05/18/2020,F
"ITC"," EQ"," 15-May-2020"," 163.80"," 162.20"," 165.50"," 161.15"," 164.40"," 164.65"," 163.18"," 14950688"," 24395.97"," 100036"," 6520913"," 43.62",149,149,53.57,05/15/2020,F
"ITC"," EQ"," 14-May-2020"," 165.40"," 164.50"," 168.25"," 161.95"," 164.25"," 163.80"," 164.78"," 14949993"," 24634.47"," 126962"," 5388344"," 36.04",118,149,53.81,05/14/2020,F
"ITC"," EQ"," 13-May-2020"," 165.05"," 173.40"," 173.60"," 164.50"," 165.70"," 165.40"," 167.58"," 20018552"," 33546.99"," 139320"," 8354888"," 41.74",144,148,54.25,05/13/2020,F
"ITC"," EQ"," 12-May-2020"," 158.45"," 158.45"," 165.90"," 157.50"," 165.50"," 165.05"," 161.32"," 21387983"," 34502.10"," 166733"," 7835899"," 36.64",128,147,54.37,05/12/2020,F
"ITC"," EQ"," 11-May-2020"," 158.25"," 160.00"," 163.50"," 158.00"," 159.25"," 158.45"," 160.97"," 18095693"," 29128.47"," 220940"," 7089656"," 39.18",82,146,54.71,05/11/2020,F
"ITC"," EQ"," 08-May-2020"," 161.00"," 163.95"," 164.15"," 157.10"," 158.50"," 158.25"," 159.67"," 25307551"," 40408.61"," 228559"," 12774458"," 50.48",111,146,55.02,05/08/2020,F
"ITC"," EQ"," 07-May-2020"," 163.90"," 164.00"," 165.85"," 160.50"," 161.15"," 161.00"," 162.69"," 24249898"," 39451.47"," 188468"," 10089784"," 41.61",129,146,55.26,05/07/2020,F
"ITC"," EQ"," 06-May-2020"," 173.90"," 171.40"," 171.40"," 160.50"," 164.95"," 163.90"," 163.53"," 65586753"," 107251.20"," 435677"," 33371534"," 50.88",151,146,55.61,05/06/2020,F
"ITC"," EQ"," 05-May-2020"," 174.05"," 175.00"," 177.45"," 172.00"," 174.00"," 173.90"," 175.30"," 17709577"," 31044.26"," 103113"," 9614994"," 54.29",172,145,55.53,05/05/2020,F
"ITC"," EQ"," 04-May-2020"," 182.05"," 181.75"," 181.75"," 170.65"," 173.50"," 174.05"," 174.80"," 30298058"," 52960.24"," 200386"," 17226201"," 56.86",151,146,55.49,05/04/2020,T
"ITC"," EQ"," 30-Apr-2020"," 182.15"," 184.90"," 184.90"," 180.45"," 181.05"," 182.05"," 182.77"," 30169126"," 55140.79"," 211892"," 20193397"," 66.93",142,146,54.91,04/30/2020,F
"ITC"," EQ"," 29-Apr-2020"," 179.45"," 180.50"," 182.90"," 179.65"," 182.05"," 182.15"," 181.44"," 21461158"," 38938.32"," 131121"," 14607394"," 68.06",164,146,54.87,04/29/2020,T
"ITC"," EQ"," 28-Apr-2020"," 179.85"," 180.00"," 180.80"," 178.05"," 180.60"," 179.45"," 179.41"," 17802711"," 31939.70"," 81480"," 10200719"," 57.30",218,146,54.66,04/28/2020,T
"ITC"," EQ"," 27-Apr-2020"," 180.05"," 180.25"," 182.30"," 179.30"," 180.00"," 179.85"," 180.83"," 13086773"," 23664.17"," 87713"," 5997010"," 45.82",149,144,54.83,04/27/2020,F
"ITC"," EQ"," 24-Apr-2020"," 180.55"," 181.00"," 182.80"," 179.30"," 179.85"," 180.05"," 180.66"," 18050148"," 32609.93"," 115014"," 10380915"," 57.51",157,143,55.04,04/24/2020,T
"ITC"," EQ"," 23-Apr-2020"," 182.25"," 182.95"," 184.00"," 179.65"," 181.20"," 180.55"," 181.89"," 32968241"," 59966.02"," 234667"," 20679162"," 62.72",140,142,55.00,04/23/2020,F
"ITC"," EQ"," 22-Apr-2020"," 179.60"," 179.00"," 183.55"," 176.00"," 182.65"," 182.25"," 180.97"," 25164099"," 45539.90"," 178772"," 13195808"," 52.44",141,141,54.92,04/22/2020,F
"ITC"," EQ"," 21-Apr-2020"," 180.70"," 178.00"," 184.30"," 176.05"," 179.50"," 179.60"," 180.97"," 23334550"," 42228.14"," 269274"," 9399223"," 40.28",87,140,55.12,04/21/2020,F
"ITC"," EQ"," 20-Apr-2020"," 188.10"," 189.95"," 189.95"," 179.50"," 180.90"," 180.70"," 181.67"," 35767070"," 64978.98"," 271108"," 18867318"," 52.75",132,141,55.53,04/20/2020,F
"ITC"," EQ"," 17-Apr-2020"," 186.35"," 190.45"," 191.40"," 186.95"," 188.15"," 188.10"," 188.89"," 26669272"," 50376.62"," 168212"," 15744641"," 59.04",159,140,55.62,04/17/2020,T
"ITC"," EQ"," 16-Apr-2020"," 189.35"," 189.65"," 191.20"," 185.45"," 187.10"," 186.35"," 187.90"," 27082646"," 50887.37"," 207231"," 14297047"," 52.79",131,139,55.67,04/16/2020,F
"ITC"," EQ"," 15-Apr-2020"," 181.60"," 184.05"," 193.75"," 182.70"," 190.25"," 189.35"," 189.56"," 49092959"," 93061.40"," 337036"," 26436783"," 53.85",146,139,55.81,04/15/2020,F
"ITC"," EQ"," 09-Apr-2020"," 178.65"," 184.00"," 186.25"," 180.00"," 184.85"," 185.25"," 183.63"," 42643743"," 78306.31"," 215510"," 25892461"," 60.72",198,137,56.46,04/09/2020,T
"ITC"," EQ"," 08-Apr-2020"," 181.55"," 180.85"," 184.00"," 176.65"," 178.60"," 178.65"," 179.57"," 37561322"," 67447.18"," 263938"," 13760848"," 36.64",142,135,56.57,04/08/2020,F
"ITC"," EQ"," 07-Apr-2020"," 177.90"," 185.70"," 185.70"," 173.65"," 181.40"," 181.55"," 179.45"," 36119016"," 64817.03"," 238009"," 10783554"," 29.86",152,135,56.88,04/07/2020,F
"ITC"," EQ"," 03-Apr-2020"," 166.40"," 167.90"," 182.75"," 167.00"," 177.50"," 177.90"," 175.12"," 62868085"," 110092.82"," 354482"," 31070588"," 49.42",177,134,57.43,04/03/2020,F
"ITC"," EQ"," 01-Apr-2020"," 171.70"," 171.70"," 172.75"," 164.55"," 166.65"," 166.40"," 167.60"," 18142049"," 30405.21"," 180234"," 6967744"," 38.41",101,133,57.87,04/01/2020,F
"ITC"," EQ"," 31-Mar-2020"," 159.20"," 164.00"," 173.85"," 161.55"," 169.90"," 171.70"," 167.53"," 42630922"," 71417.98"," 231840"," 22562462"," 52.93",184,133,57.96,03/31/2020,F
"ITC"," EQ"," 30-Mar-2020"," 163.20"," 156.05"," 164.90"," 156.05"," 160.15"," 159.20"," 162.40"," 28120394"," 45666.82"," 262288"," 12398420"," 44.09",107,132,58.04,03/30/2020,F
"ITC"," EQ"," 27-Mar-2020"," 156.40"," 162.00"," 166.00"," 155.00"," 163.25"," 163.20"," 160.45"," 32636891"," 52365.88"," 209456"," 14470827"," 44.34",156,133,58.26,03/27/2020,F
"ITC"," EQ"," 26-Mar-2020"," 147.35"," 150.00"," 159.40"," 143.25"," 156.80"," 156.40"," 150.86"," 58443502"," 88169.39"," 287956"," 33043590"," 56.54",203,132,58.49,03/26/2020,F
"ITC"," EQ"," 25-Mar-2020"," 149.70"," 151.00"," 152.00"," 139.00"," 147.05"," 147.35"," 143.99"," 62506221"," 90001.06"," 365896"," 36878546"," 59.00",171,131,58.52,03/25/2020,T
"ITC"," EQ"," 24-Mar-2020"," 154.30"," 162.95"," 163.70"," 147.40"," 151.00"," 149.70"," 151.25"," 52569242"," 79509.11"," 348501"," 32323383"," 61.49",151,130,58.51,03/24/2020,T
"ITC"," EQ"," 23-Mar-2020"," 175.50"," 158.00"," 162.00"," 149.20"," 155.00"," 154.30"," 155.40"," 51354135"," 79802.78"," 369765"," 33862753"," 65.94",139,130,58.46,03/23/2020,T
"ITC"," EQ"," 20-Mar-2020"," 161.85"," 165.10"," 176.50"," 165.10"," 176.35"," 175.50"," 172.02"," 61997991"," 106651.09"," 327341"," 34650958"," 55.89",189,130,58.33,03/20/2020,F
"ITC"," EQ"," 19-Mar-2020"," 150.70"," 150.70"," 163.55"," 144.75"," 160.90"," 161.85"," 154.41"," 89753683"," 138588.83"," 386234"," 53088317"," 59.15",232,129,58.37,03/19/2020,T
"ITC"," EQ"," 18-Mar-2020"," 149.15"," 152.10"," 154.65"," 147.35"," 151.40"," 150.70"," 151.05"," 50248786"," 75900.57"," 282399"," 29171339"," 58.05",178,127,58.36,03/18/2020,F
"ITC"," EQ"," 17-Mar-2020"," 147.25"," 148.00"," 155.80"," 146.05"," 149.15"," 149.15"," 151.60"," 47658462"," 72249.00"," 226554"," 30663126"," 64.34",210,126,58.37,03/17/2020,T
"ITC"," EQ"," 16-Mar-2020"," 162.25"," 158.00"," 158.10"," 145.25"," 147.55"," 147.25"," 150.85"," 33255085"," 50164.91"," 215377"," 18221190"," 54.79",154,124,58.25,03/16/2020,F
"ITC"," EQ"," 13-Mar-2020"," 155.80"," 150.00"," 164.00"," 134.60"," 163.40"," 162.25"," 155.29"," 61592332"," 95644.79"," 274571"," 34828490"," 56.55",224,124,58.32,03/13/2020,F
"ITC"," EQ"," 12-Mar-2020"," 175.65"," 169.00"," 169.15"," 150.55"," 155.80"," 155.80"," 158.13"," 52040944"," 82292.13"," 264894"," 29389098"," 56.47",196,122,58.35,03/12/2020,F
"ITC"," EQ"," 11-Mar-2020"," 177.20"," 174.00"," 176.75"," 172.35"," 176.25"," 175.65"," 174.50"," 27957737"," 48785.69"," 179482"," 15733669"," 56.28",156,120,58.39,03/11/2020,F
"ITC"," EQ"," 09-Mar-2020"," 181.75"," 179.00"," 179.00"," 174.50"," 176.75"," 177.20"," 177.16"," 21795899"," 38613.09"," 156489"," 11793069"," 54.11",139,120,58.43,03/09/2020,F
"ITC"," EQ"," 06-Mar-2020"," 188.05"," 184.85"," 184.85"," 179.75"," 181.40"," 181.75"," 181.99"," 26764504"," 48709.65"," 199706"," 17007149"," 63.54",134,119,58.52,03/06/2020,T
"ITC"," EQ"," 05-Mar-2020"," 187.50"," 187.55"," 191.20"," 186.55"," 187.60"," 188.05"," 188.87"," 20025924"," 37821.97"," 151318"," 9560151"," 47.74",132,119,58.42,03/05/2020,F
"ITC"," EQ"," 04-Mar-2020"," 193.85"," 194.95"," 195.55"," 186.55"," 187.35"," 187.50"," 189.12"," 27664076"," 52319.08"," 138723"," 16834826"," 60.85",199,119,58.65,03/04/2020,T
"ITC"," EQ"," 03-Mar-2020"," 195.30"," 197.00"," 197.45"," 192.55"," 194.05"," 193.85"," 194.56"," 17947416"," 34919.06"," 148060"," 8740612"," 48.70",121,117,58.60,03/03/2020,F
"ITC"," EQ"," 02-Mar-2020"," 197.55"," 199.50"," 203.45"," 193.65"," 195.50"," 195.30"," 199.65"," 18560049"," 37055.37"," 114142"," 9477032"," 51.06",163,117,58.83,03/02/2020,F
"ITC"," EQ"," 28-Feb-2020"," 197.55"," 195.00"," 199.90"," 192.05"," 196.60"," 197.55"," 196.04"," 32628444"," 63963.56"," 240164"," 19944265"," 61.13",136,116,59.01,02/28/2020,T
"ITC"," EQ"," 27-Feb-2020"," 198.60"," 198.40"," 199.15"," 195.90"," 196.95"," 197.55"," 197.60"," 17271066"," 34127.76"," 120175"," 10214245"," 59.14",144,115,58.96,02/27/2020,T
"ITC"," EQ"," 26-Feb-2020"," 201.80"," 200.65"," 201.95"," 196.30"," 199.00"," 198.60"," 199.30"," 17869240"," 35614.19"," 140431"," 9607883"," 53.77",127,115,58.95,02/26/2020,F
"ITC"," EQ"," 25-Feb-2020"," 203.00"," 203.80"," 205.40"," 201.50"," 201.80"," 201.80"," 203.06"," 15313516"," 31096.39"," 144560"," 9294386"," 60.69",106,114,59.08,02/25/2020,F
"ITC"," EQ"," 24-Feb-2020"," 207.45"," 207.00"," 207.45"," 201.80"," 203.15"," 203.00"," 203.98"," 16594046"," 33848.26"," 141527"," 8330434"," 50.20",117,114,59.04,02/24/2020,F
"ITC"," EQ"," 20-Feb-2020"," 206.70"," 207.00"," 208.55"," 205.45"," 207.90"," 207.45"," 207.21"," 15592846"," 32309.76"," 137512"," 10574992"," 67.82",113,114,59.27,02/20/2020,F
"ITC"," EQ"," 19-Feb-2020"," 203.85"," 205.25"," 207.15"," 203.85"," 207.15"," 206.70"," 205.72"," 9054560"," 18626.92"," 115692"," 4763674"," 52.61",78,114,59.04,02/19/2020,F
"ITC"," EQ"," 18-Feb-2020"," 204.80"," 204.55"," 204.60"," 200.50"," 204.05"," 203.85"," 202.08"," 20934864"," 42305.24"," 159783"," 14197051"," 67.82",131,115,59.22,02/18/2020,T
"ITC"," EQ"," 17-Feb-2020"," 207.70"," 208.00"," 208.65"," 204.00"," 204.25"," 204.80"," 205.88"," 15561953"," 32039.06"," 113582"," 11259627"," 72.35",137,115,58.97,02/17/2020,T
"ITC"," EQ"," 14-Feb-2020"," 211.90"," 212.25"," 212.90"," 206.80"," 207.60"," 207.70"," 209.55"," 13731692"," 28774.77"," 119326"," 7932043"," 57.76",115,114,58.58,02/14/2020,F
"ITC"," EQ"," 13-Feb-2020"," 213.05"," 213.05"," 213.45"," 211.20"," 212.05"," 211.90"," 212.06"," 9153131"," 19410.22"," 111421"," 5580976"," 60.97",82,114,58.61,02/13/2020,F
"ITC"," EQ"," 12-Feb-2020"," 212.60"," 213.40"," 214.80"," 211.80"," 212.95"," 213.05"," 213.35"," 9928416"," 21182.20"," 91939"," 4837515"," 48.72",108,115,58.53,02/12/2020,F
"ITC"," EQ"," 11-Feb-2020"," 210.55"," 216.50"," 216.95"," 211.80"," 212.50"," 212.60"," 213.79"," 29803784"," 63717.25"," 352348"," 16641794"," 55.84",85,116,58.85,02/11/2020,F
"ITC"," EQ"," 10-Feb-2020"," 213.40"," 214.00"," 214.05"," 210.05"," 210.50"," 210.55"," 211.41"," 9617387"," 20332.42"," 212652"," 5487153"," 57.05",45,117,58.95,02/10/2020,F
"ITC"," EQ"," 07-Feb-2020"," 213.55"," 213.80"," 215.70"," 212.75"," 213.30"," 213.40"," 214.40"," 17133407"," 36734.40"," 126285"," 10930975"," 63.80",136,119,59.01,02/07/2020,T
"ITC"," EQ"," 06-Feb-2020"," 216.45"," 218.00"," 219.90"," 211.80"," 213.40"," 213.55"," 215.72"," 27388582"," 59082.00"," 221588"," 16838636"," 61.48",124,118,58.84,02/06/2020,T
"ITC"," EQ"," 05-Feb-2020"," 215.65"," 216.30"," 217.50"," 211.50"," 216.05"," 216.45"," 215.20"," 21253607"," 45738.21"," 245783"," 9831848"," 46.26",86,118,58.75,02/05/2020,F
"ITC"," EQ"," 04-Feb-2020"," 207.60"," 210.80"," 217.60"," 209.15"," 215.95"," 215.65"," 213.76"," 35767812"," 76455.56"," 182198"," 18731113"," 52.37",196,120,59.23,02/04/2020,F
"ITC"," EQ"," 03-Feb-2020"," 219.00"," 215.00"," 216.90"," 205.00"," 208.90"," 207.60"," 209.48"," 79764370"," 167088.88"," 436227"," 32873094"," 41.21",183,116,59.50,02/03/2020,F
"ITC"," EQ"," 01-Feb-2020"," 235.15"," 236.90"," 239.25"," 215.50"," 219.25"," 219.00"," 226.82"," 42268141"," 95873.58"," 307308"," 16545806"," 39.14",138,114,60.26,02/01/2020,F
"ITC"," EQ"," 31-Jan-2020"," 234.05"," 235.75"," 238.40"," 234.05"," 235.20"," 235.15"," 236.11"," 18455880"," 43576.77"," 119578"," 9809349"," 53.15",154,113,61.18,01/31/2020,F
"ITC"," EQ"," 30-Jan-2020"," 236.65"," 236.95"," 237.00"," 233.00"," 233.70"," 234.05"," 234.92"," 10394149"," 24418.43"," 75658"," 6735834"," 64.80",137,111,61.55,01/30/2020,T
"ITC"," EQ"," 29-Jan-2020"," 230.75"," 231.50"," 237.65"," 231.15"," 237.30"," 236.65"," 236.14"," 20469708"," 48337.59"," 136048"," 11399264"," 55.69",150,109,61.39,01/29/2020,F
"ITC"," EQ"," 28-Jan-2020"," 234.60"," 234.75"," 235.90"," 230.50"," 231.00"," 230.75"," 232.39"," 14582907"," 33889.53"," 134277"," 9816226"," 67.31",109,107,61.68,01/28/2020,T
"ITC"," EQ"," 27-Jan-2020"," 238.15"," 237.00"," 237.40"," 234.30"," 234.65"," 234.60"," 235.80"," 6837613"," 16123.15"," 73157"," 3974981"," 58.13",93,107,61.38,01/27/2020,F
"ITC"," EQ"," 24-Jan-2020"," 237.90"," 237.40"," 239.10"," 237.00"," 238.25"," 238.15"," 238.21"," 6801874"," 16202.48"," 66148"," 3748753"," 55.11",103,108,61.56,01/24/2020,F
"ITC"," EQ"," 23-Jan-2020"," 238.05"," 238.10"," 238.75"," 236.90"," 237.95"," 237.90"," 237.67"," 6120434"," 14546.55"," 69953"," 3537506"," 57.80",87,108,61.94,01/23/2020,F
"ITC"," EQ"," 22-Jan-2020"," 238.45"," 239.60"," 239.60"," 237.10"," 238.30"," 238.05"," 238.27"," 7654918"," 18239.01"," 83042"," 4934815"," 64.47",92,110,62.20,01/22/2020,F
"ITC"," EQ"," 21-Jan-2020"," 241.90"," 241.45"," 241.45"," 238.00"," 238.45"," 238.45"," 239.25"," 9571070"," 22899.06"," 90383"," 6175670"," 64.52",106,111,62.05,01/21/2020,F
"ITC"," EQ"," 20-Jan-2020"," 239.95"," 240.05"," 243.25"," 240.05"," 242.30"," 241.90"," 241.96"," 8020816"," 19407.54"," 70844"," 4631818"," 57.75",113,111,61.87,01/20/2020,F
"ITC"," EQ"," 17-Jan-2020"," 240.75"," 240.75"," 242.10"," 239.40"," 239.95"," 239.95"," 240.43"," 7392403"," 17773.21"," 97633"," 4578819"," 61.94",76,111,62.19,01/17/2020,F
"ITC"," EQ"," 16-Jan-2020"," 242.40"," 242.50"," 243.90"," 240.10"," 240.45"," 240.75"," 241.88"," 9369668"," 22663.60"," 85618"," 5733970"," 61.20",109,114,62.21,01/16/2020,F
"ITC"," EQ"," 15-Jan-2020"," 243.25"," 242.55"," 243.00"," 241.10"," 241.85"," 242.40"," 242.13"," 5476729"," 13261.00"," 60662"," 3216141"," 58.72",90,114,62.30,01/15/2020,F
"ITC"," EQ"," 14-Jan-2020"," 239.25"," 240.25"," 243.80"," 238.30"," 243.10"," 243.25"," 241.86"," 11843444"," 28644.88"," 89338"," 7543081"," 63.69",133,117,62.66,01/14/2020,T
"ITC"," EQ"," 13-Jan-2020"," 238.00"," 238.50"," 240.50"," 238.25"," 239.25"," 239.25"," 239.58"," 12243639"," 29333.50"," 83515"," 8262934"," 67.49",147,115,62.54,01/13/2020,T
"ITC"," EQ"," 10-Jan-2020"," 235.80"," 237.60"," 238.75"," 236.80"," 238.10"," 238.00"," 237.86"," 9973746"," 23723.97"," 89471"," 7182804"," 72.02",111,111,61.93,01/10/2020,F
"ITC"," EQ"," 09-Jan-2020"," 234.20"," 235.60"," 236.60"," 235.05"," 236.10"," 235.80"," 235.72"," 9452653"," 22281.77"," 107069"," 6378923"," 67.48",88,111,60.48,01/09/2020,F
"ITC"," EQ"," 08-Jan-2020"," 235.35"," 234.00"," 235.80"," 233.25"," 234.40"," 234.20"," 234.46"," 7043211"," 16513.74"," 66642"," 3897623"," 55.34",106,115,59.32,01/08/2020,F
"ITC"," EQ"," 07-Jan-2020"," 235.10"," 236.05"," 237.90"," 234.60"," 235.50"," 235.35"," 235.94"," 8416741"," 19858.25"," 66747"," 4781835"," 56.81",126,117,60.11,01/07/2020,F
"ITC"," EQ"," 06-Jan-2020"," 238.50"," 237.50"," 238.30"," 235.00"," 235.30"," 235.10"," 236.15"," 7636617"," 18033.75"," 72977"," 4934625"," 64.62",105,115,60.94,01/06/2020,F
"ITC"," EQ"," 03-Jan-2020"," 239.85"," 241.00"," 241.00"," 238.00"," 238.45"," 238.50"," 238.66"," 9284478"," 22158.53"," 64049"," 6344169"," 68.33",145,118,59.71,01/03/2020,T
"ITC"," EQ"," 02-Jan-2020"," 238.10"," 238.20"," 240.95"," 238.10"," 240.30"," 239.85"," 239.71"," 8402979"," 20142.41"," 84223"," 5619818"," 66.88",100,104,55.40,01/02/2020,F
"ITC"," EQ"," 01-Jan-2020"," 237.70"," 238.60"," 238.60"," 237.10"," 238.00"," 238.10"," 237.85"," 4208837"," 10010.78"," 38576"," 1848314"," 43.92",109,109,43.92,01/01/2020,F
